date,daily_price,n_stations,n_update_events,coverage_rate,method
2025-04-01,175.12059800664454,225,301,0.3294289897510981,update_event_mean
2025-04-02,174.989837398374,177,246,0.2591508052708638,update_event_mean
2025-04-03,175.33954154727795,279,349,0.4084919472913616,update_event_mean
2025-04-04,174.9235119047619,258,336,0.37774524158125916,update_event_mean
2025-04-05,172.7904761904762,240,273,0.3513909224011713,update_event_mean
2025-04-06,171.06492537313434,108,134,0.1581259150805271,update_event_mean
2025-04-07,171.9747663551402,269,321,0.3938506588579795,update_event_mean
2025-04-08,169.74402332361518,264,343,0.38653001464128844,update_event_mean
2025-04-09,170.0016891891892,228,296,0.33382137628111275,update_event_mean
2025-04-10,167.89839999999998,200,250,0.29282576866764276,update_event_mean
2025-04-11,167.35765765765765,274,333,0.4011713030746706,update_event_mean
2025-04-12,165.72148437500002,223,256,0.32650073206442165,update_event_mean
2025-04-13,164.4485436893204,85,103,0.12445095168374817,update_event_mean
2025-04-14,165.42115384615383,164,208,0.24011713030746706,update_event_mean
2025-04-15,164.31086261980832,254,313,0.3718887262079063,update_event_mean
2025-04-16,163.7767175572519,204,262,0.2986822840409956,update_event_mean
2025-04-17,166.29301075268816,135,186,0.19765739385065886,update_event_mean
2025-04-18,170.89739130434782,92,115,0.13469985358711567,update_event_mean
2025-04-19,166.28732394366196,60,71,0.08784773060029283,update_event_mean
2025-04-20,172.61764705882354,84,102,0.12298682284040996,update_event_mean
2025-04-21,171.77415730337077,69,89,0.10102489019033675,update_event_mean
2025-04-22,171.08296296296297,101,135,0.1478770131771596,update_event_mean
2025-04-23,169.43082191780823,108,146,0.1581259150805271,update_event_mean
2025-04-24,183.3526530612245,163,245,0.23865300146412885,update_event_mean
2025-04-25,180.0891719745223,121,157,0.17715959004392387,update_event_mean
2025-04-26,178.63660130718955,108,153,0.1581259150805271,update_event_mean
2025-04-27,181.57029702970294,84,101,0.12298682284040996,update_event_mean
2025-04-28,187.83265306122448,140,196,0.20497803806734993,update_event_mean
2025-04-29,189.80429447852762,125,163,0.18301610541727673,update_event_mean
2025-04-30,193.8502538071066,157,197,0.22986822840409957,update_event_mean
2025-05-01,194.64801136363639,265,352,0.38799414348462663,update_event_mean
2025-05-02,194.6845953002611,290,383,0.424597364568082,update_event_mean
2025-05-03,193.57642045454543,262,352,0.383601756954612,update_event_mean
2025-05-04,186.83743315508022,132,187,0.19326500732064422,update_event_mean
2025-05-05,190.03758992805757,377,556,0.5519765739385066,update_event_mean
2025-05-06,186.62297029702972,349,505,0.5109809663250366,update_event_mean
2025-05-07,183.5107317073171,313,410,0.4582723279648609,update_event_mean
2025-05-08,180.7075294117647,320,425,0.4685212298682284,update_event_mean
2025-05-09,180.02030848329048,306,389,0.4480234260614934,update_event_mean
2025-05-10,176.11790540540542,236,296,0.34553440702781846,update_event_mean
2025-05-11,176.9764705882353,324,459,0.4743777452415813,update_event_mean
2025-05-12,173.69449152542373,359,472,0.5256222547584187,update_event_mean
2025-05-13,170.8782334384858,380,634,0.5563689604685212,update_event_mean
2025-05-14,168.52825719120136,377,591,0.5519765739385066,update_event_mean
2025-05-15,165.32042253521126,372,568,0.5446559297218155,update_event_mean
2025-05-16,163.2650826446281,321,484,0.4699853587115666,update_event_mean
2025-05-17,162.7854368932039,256,309,0.37481698389458273,update_event_mean
2025-05-18,161.20880829015545,143,193,0.20937042459736457,update_event_mean
2025-05-19,160.69200968523003,312,413,0.4568081991215227,update_event_mean
2025-05-20,159.94140625,290,384,0.424597364568082,update_event_mean
2025-05-21,158.2659375,252,320,0.3689604685212299,update_event_mean
2025-05-22,161.12373737373738,152,198,0.2225475841874085,update_event_mean
2025-05-23,161.7063829787234,104,141,0.15226939970717424,update_event_mean
2025-05-24,163.0496062992126,89,127,0.13030746705710103,update_event_mean
2025-05-25,167.58375,59,80,0.08638360175695461,update_event_mean
2025-05-26,164.73962264150944,80,106,0.1171303074670571,update_event_mean
2025-05-27,168.1339130434783,81,115,0.11859443631039532,update_event_mean
2025-05-28,171.47676767676768,79,99,0.11566617862371889,update_event_mean
2025-05-29,164.6929203539823,86,113,0.1259150805270864,update_event_mean
2025-05-30,162.11176470588236,60,85,0.08784773060029283,update_event_mean
2025-05-31,155.7838095238095,64,105,0.09370424597364568,update_event_mean
2025-06-01,166.23709677419356,48,62,0.07027818448023426,update_event_mean
2025-06-02,174.54772727272726,98,132,0.14348462664714495,update_event_mean
2025-06-03,177.44761904761904,129,189,0.18887262079062958,update_event_mean
2025-06-04,182.76883720930235,155,215,0.22693997071742314,update_event_mean
2025-06-05,177.14060606060607,124,165,0.1815519765739385,update_event_mean
2025-06-06,184.10105263157894,146,190,0.21376281112737922,update_event_mean
2025-06-07,179.6913669064748,104,139,0.15226939970717424,update_event_mean
2025-06-08,179.1486725663717,79,113,0.11566617862371889,update_event_mean
2025-06-09,183.84959349593495,81,123,0.11859443631039532,update_event_mean
2025-06-10,195.09715762273905,305,387,0.4465592972181552,update_event_mean
2025-06-11,190.66476793248947,309,474,0.45241581259150804,update_event_mean
2025-06-12,190.5825995807128,324,477,0.4743777452415813,update_event_mean
2025-06-13,188.60957230142566,312,491,0.4568081991215227,update_event_mean
2025-06-14,183.56640419947507,271,381,0.3967789165446559,update_event_mean
2025-06-15,183.82906403940888,294,406,0.43045387994143486,update_event_mean
2025-06-16,181.6906666666667,329,450,0.4816983894582723,update_event_mean
2025-06-17,179.58099547511313,303,442,0.44363103953147875,update_event_mean
2025-06-18,177.17,332,500,0.486090775988287,update_event_mean
2025-06-19,173.9537712895377,274,411,0.4011713030746706,update_event_mean
2025-06-20,172.46666666666667,222,324,0.32503660322108346,update_event_mean
2025-06-21,170.76688741721853,109,151,0.1595900439238653,update_event_mean
2025-06-22,169.3252032520325,95,123,0.1390922401171303,update_event_mean
2025-06-23,173.50641025641025,180,234,0.2635431918008785,update_event_mean
2025-06-24,173.23546798029557,145,203,0.212298682284041,update_event_mean
2025-06-25,171.26443298969073,138,194,0.2020497803806735,update_event_mean
2025-06-26,177.780122324159,217,327,0.31771595900439237,update_event_mean
2025-06-27,173.5567307692308,139,208,0.20351390922401172,update_event_mean
2025-06-28,169.78152866242038,119,157,0.17423133235724744,update_event_mean
2025-06-29,166.5,82,109,0.12005856515373353,update_event_mean
2025-06-30,170.63692307692307,124,195,0.1815519765739385,update_event_mean
2025-07-01,175.31310344827588,104,145,0.15226939970717424,update_event_mean
2025-07-02,170.5963190184049,110,163,0.16105417276720352,update_event_mean
2025-07-03,180.70396039603963,150,202,0.21961932650073207,update_event_mean
2025-07-04,183.86281407035173,147,199,0.21522693997071743,update_event_mean
2025-07-05,187.00182926829268,131,164,0.191800878477306,update_event_mean
2025-07-06,184.95,74,100,0.10834553440702782,update_event_mean
2025-07-07,190.1364640883978,133,181,0.19472913616398244,update_event_mean
2025-07-08,196.33360881542703,232,363,0.3396778916544656,update_event_mean
2025-07-09,198.90671641791045,276,402,0.404099560761347,update_event_mean
2025-07-10,195.43382716049382,256,405,0.37481698389458273,update_event_mean
2025-07-11,192.29708029197081,255,411,0.3733528550512445,update_event_mean
2025-07-12,189.85504587155964,251,327,0.36749633967789164,update_event_mean
2025-07-13,187.3064705882353,241,340,0.3528550512445095,update_event_mean
2025-07-14,185.47472035794183,310,447,0.4538799414348463,update_event_mean
2025-07-15,181.61943462897528,373,566,0.5461200585651538,update_event_mean
2025-07-16,177.99555555555557,361,540,0.5285505124450952,update_event_mean
2025-07-17,174.22722117202267,364,529,0.5329428989751098,update_event_mean
2025-07-18,170.85216606498196,362,554,0.5300146412884333,update_event_mean
2025-07-19,168.9008356545961,296,359,0.4333821376281113,update_event_mean
2025-07-20,168.14632152588558,292,367,0.42752562225475843,update_event_mean
2025-07-21,166.76906474820143,328,417,0.4802342606149341,update_event_mean
2025-07-22,164.8393442622951,333,427,0.48755490483162517,update_event_mean
2025-07-23,164.42770448548814,294,379,0.43045387994143486,update_event_mean
2025-07-24,162.17607973421926,249,301,0.3645680819912152,update_event_mean
2025-07-25,160.9052434456929,210,267,0.3074670571010249,update_event_mean
2025-07-26,159.1785185185185,109,135,0.1595900439238653,update_event_mean
2025-07-27,158.68522727272727,69,88,0.10102489019033675,update_event_mean
2025-07-28,168.12391304347827,103,138,0.15080527086383602,update_event_mean
2025-07-29,169.59135802469135,124,162,0.1815519765739385,update_event_mean
2025-07-30,162.3264,200,250,0.29282576866764276,update_event_mean
2025-07-31,170.40710659898477,166,197,0.2430453879941435,update_event_mean
2025-08-01,171.51548387096776,117,155,0.17130307467057102,update_event_mean
2025-08-02,175.16379310344828,93,116,0.13616398243045388,update_event_mean
2025-08-03,173.00277777777777,99,108,0.14494875549048317,update_event_mean
2025-08-04,181.06448979591838,204,245,0.2986822840409956,update_event_mean
2025-08-05,181.29726775956286,144,183,0.2108345534407028,update_event_mean
2025-08-06,184.40048309178744,159,207,0.232796486090776,update_event_mean
2025-08-07,189.79058823529414,264,340,0.38653001464128844,update_event_mean
2025-08-08,188.9219954648526,327,441,0.4787701317715959,update_event_mean
2025-08-09,188.4851941747573,270,412,0.3953147877013177,update_event_mean
2025-08-10,187.83246376811596,245,345,0.35871156661786235,update_event_mean
2025-08-11,183.39660194174758,390,618,0.5710102489019033,update_event_mean
2025-08-12,181.52165820642978,368,591,0.5387994143484627,update_event_mean
2025-08-13,178.20710659898478,235,394,0.3440702781844802,update_event_mean
2025-08-14,177.9056338028169,323,497,0.47291361639824303,update_event_mean
2025-08-15,176.31886363636363,297,440,0.43484626647144947,update_event_mean
2025-08-16,174.778612716763,116,173,0.1698389458272328,update_event_mean
2025-08-17,174.82916666666665,115,192,0.1683748169838946,update_event_mean
2025-08-18,174.7860759493671,314,474,0.45973645680819913,update_event_mean
2025-08-19,173.3268244575937,350,507,0.5124450951683748,update_event_mean
2025-08-20,171.86057268722467,350,454,0.5124450951683748,update_event_mean
2025-08-21,169.78359201773839,339,451,0.49633967789165445,update_event_mean
2025-08-22,168.19107611548557,297,381,0.43484626647144947,update_event_mean
2025-08-23,167.3562091503268,123,153,0.1800878477306003,update_event_mean
2025-08-24,168.23013698630137,110,146,0.16105417276720352,update_event_mean
2025-08-25,166.4437673130194,283,361,0.4143484626647145,update_event_mean
2025-08-26,166.72122538293218,315,457,0.4612005856515373,update_event_mean
2025-08-27,166.27642585551334,186,263,0.27232796486090777,update_event_mean
2025-08-28,165.9061224489796,171,245,0.25036603221083453,update_event_mean
2025-08-29,167.53315217391307,126,184,0.18448023426061494,update_event_mean
2025-08-30,166.40189873417722,108,158,0.1581259150805271,update_event_mean
2025-08-31,171.55955056179778,68,89,0.09956076134699854,update_event_mean
2025-09-01,169.00154639175258,141,194,0.20644216691068815,update_event_mean
2025-09-02,175.3357142857143,125,168,0.18301610541727673,update_event_mean
2025-09-03,175.06333333333333,109,150,0.1595900439238653,update_event_mean
2025-09-04,177.5621848739496,97,119,0.14202049780380674,update_event_mean
2025-09-05,179.76742424242423,105,132,0.15373352855051245,update_event_mean
2025-09-06,177.82765957446807,71,94,0.10395314787701318,update_event_mean
2025-09-07,178.49565217391304,50,69,0.07320644216691069,update_event_mean
2025-09-08,182.5066666666667,129,165,0.18887262079062958,update_event_mean
2025-09-09,187.68555555555557,144,180,0.2108345534407028,update_event_mean
2025-09-10,188.87467248908297,164,229,0.24011713030746706,update_event_mean
2025-09-11,190.03768844221105,150,199,0.21961932650073207,update_event_mean
2025-09-12,190.3056701030928,134,194,0.19619326500732065,update_event_mean
2025-09-13,190.25847953216373,120,171,0.17569546120058566,update_event_mean
2025-09-14,187.21347150259066,116,193,0.1698389458272328,update_event_mean
2025-09-15,186.96701388888889,180,288,0.2635431918008785,update_event_mean
2025-09-16,195.02193211488253,283,383,0.4143484626647145,update_event_mean
2025-09-17,191.00674846625768,321,489,0.4699853587115666,update_event_mean
2025-09-18,188.93298319327732,316,476,0.46266471449487556,update_event_mean
2025-09-19,187.15041152263376,321,486,0.4699853587115666,update_event_mean
2025-09-20,185.00863509749306,263,359,0.3850658857979502,update_event_mean
2025-09-21,183.79899749373433,269,399,0.3938506588579795,update_event_mean
2025-09-22,181.314,333,500,0.48755490483162517,update_event_mean
2025-09-23,178.04414587332053,342,521,0.5007320644216691,update_event_mean
2025-09-24,179.88613138686134,349,548,0.5109809663250366,update_event_mean
2025-09-25,175.56414414414417,367,555,0.5373352855051244,update_event_mean
2025-09-26,173.55660792951542,321,454,0.4699853587115666,update_event_mean
2025-09-27,170.60501474926252,225,339,0.3294289897510981,update_event_mean
2025-09-28,170.87868852459016,165,244,0.24158125915080528,update_event_mean
2025-09-29,169.76478405315615,350,602,0.5124450951683748,update_event_mean
2025-09-30,168.72636363636366,296,440,0.4333821376281113,update_event_mean
2025-10-01,166.48716577540108,271,374,0.3967789165446559,update_event_mean
2025-10-02,166.80404858299593,161,247,0.23572474377745242,update_event_mean
2025-10-03,166.9403755868545,140,213,0.20497803806734993,update_event_mean
2025-10-04,166.9751724137931,95,145,0.1390922401171303,update_event_mean
2025-10-05,168.44380165289257,87,121,0.1273792093704246,update_event_mean
2025-10-06,167.58714285714285,96,140,0.14055636896046853,update_event_mean
2025-10-07,170.69488636363636,115,176,0.1683748169838946,update_event_mean
2025-10-08,176.07906976744187,199,301,0.2913616398243045,update_event_mean
2025-10-09,171.39380530973452,152,226,0.2225475841874085,update_event_mean
2025-10-10,174.24545454545455,129,187,0.18887262079062958,update_event_mean
2025-10-11,165.60934579439254,72,107,0.1054172767203514,update_event_mean
2025-10-12,180.85739130434786,89,115,0.13030746705710103,update_event_mean
2025-10-13,191.24181034482757,180,232,0.2635431918008785,update_event_mean
2025-10-14,187.08760683760684,173,234,0.25329428989751096,update_event_mean
2025-10-15,188.2289592760181,166,221,0.2430453879941435,update_event_mean
2025-10-16,189.51384083044982,184,289,0.26939970717423134,update_event_mean
2025-10-17,194.728431372549,285,408,0.4172767203513909,update_event_mean
2025-10-18,196.35676328502416,270,414,0.3953147877013177,update_event_mean
2025-10-19,193.0764705882353,242,391,0.35431918008784774,update_event_mean
2025-10-20,189.04285714285714,360,567,0.527086383601757,update_event_mean
2025-10-21,184.40840336134457,319,476,0.4670571010248902,update_event_mean
2025-10-22,182.1795358649789,312,474,0.4568081991215227,update_event_mean
2025-10-23,183.25621052631578,296,475,0.4333821376281113,update_event_mean
2025-10-24,180.0214780600462,294,433,0.43045387994143486,update_event_mean
2025-10-25,181.24017094017094,248,351,0.363103953147877,update_event_mean
2025-10-26,178.6691176470588,166,272,0.2430453879941435,update_event_mean
2025-10-27,179.1869266055046,297,436,0.43484626647144947,update_event_mean
2025-10-28,178.12332361516036,243,343,0.3557833089311859,update_event_mean
2025-10-29,177.56991341991343,301,462,0.4407027818448023,update_event_mean
2025-10-30,174.52208588957058,218,326,0.3191800878477306,update_event_mean
2025-10-31,174.52346368715084,262,358,0.383601756954612,update_event_mean
2025-11-01,174.15942028985506,214,276,0.31332357247437775,update_event_mean
2025-11-02,173.13500000000002,103,160,0.15080527086383602,update_event_mean
2025-11-03,172.83238636363637,252,352,0.3689604685212299,update_event_mean
2025-11-04,172.1882833787466,253,367,0.37042459736456806,update_event_mean
2025-11-05,171.16372549019607,136,204,0.19912152269399708,update_event_mean
2025-11-06,170.72468085106385,156,235,0.22840409956076135,update_event_mean
2025-11-07,173.8207650273224,121,183,0.17715959004392387,update_event_mean
2025-11-08,171.1007299270073,89,137,0.13030746705710103,update_event_mean
2025-11-09,174.308,89,150,0.13030746705710103,update_event_mean
2025-11-10,177.47473684210527,136,190,0.19912152269399708,update_event_mean
2025-11-11,175.5891891891892,118,185,0.17276720351390923,update_event_mean
2025-11-12,185.27941176470588,101,136,0.1478770131771596,update_event_mean
2025-11-13,183.7642857142857,93,126,0.13616398243045388,update_event_mean
2025-11-14,184.45705521472394,119,163,0.17423133235724744,update_event_mean
2025-11-15,185.11077844311376,118,167,0.17276720351390923,update_event_mean
2025-11-16,188.4646551724138,87,116,0.1273792093704246,update_event_mean
2025-11-17,191.36626506024098,185,249,0.2708638360175695,update_event_mean
2025-11-18,195.46059113300493,150,203,0.21961932650073207,update_event_mean
2025-11-19,196.2473469387755,169,245,0.24743777452415813,update_event_mean
2025-11-20,201.25132743362832,350,565,0.5124450951683748,update_event_mean
2025-11-21,198.99076246334312,352,682,0.5153733528550513,update_event_mean
2025-11-22,195.3526558891455,302,433,0.44216691068814057,update_event_mean
2025-11-23,192.75867158671585,174,271,0.2547584187408492,update_event_mean
2025-11-24,192.07202572347268,358,622,0.5241581259150805,update_event_mean
2025-11-25,189.09092558983667,356,551,0.5212298682284041,update_event_mean
2025-11-26,184.54563106796115,385,721,0.5636896046852123,update_event_mean
2025-11-27,180.1066759388039,389,719,0.5695461200585652,update_event_mean
2025-11-28,177.69122807017544,397,684,0.5812591508052709,update_event_mean
2025-11-29,174.69792746113987,298,386,0.4363103953147877,update_event_mean
2025-11-30,173.709243697479,154,238,0.22547584187408493,update_event_mean
2025-12-01,173.15159663865546,390,595,0.5710102489019033,update_event_mean
2025-12-02,170.4261154855643,415,762,0.6076134699853587,update_event_mean
2025-12-03,169.43059701492538,346,536,0.5065885797950219,update_event_mean
2025-12-04,172.94026548672565,167,226,0.2445095168374817,update_event_mean
2025-12-05,172.89075144508672,129,173,0.18887262079062958,update_event_mean
2025-12-06,172.8674603174603,90,126,0.13177159590043924,update_event_mean
2025-12-07,184.24740740740742,109,135,0.1595900439238653,update_event_mean
2025-12-08,178.96805555555557,105,144,0.15373352855051245,update_event_mean
2025-12-09,185.12444444444444,108,135,0.1581259150805271,update_event_mean
2025-12-10,186.66835443037976,126,158,0.18448023426061494,update_event_mean
2025-12-11,192.07488372093022,161,215,0.23572474377745242,update_event_mean
2025-12-12,191.64554455445545,138,202,0.2020497803806735,update_event_mean
2025-12-13,190.5054347826087,134,184,0.19619326500732065,update_event_mean
2025-12-14,191.95839416058394,97,137,0.14202049780380674,update_event_mean
2025-12-15,193.57639751552796,113,161,0.16544655929721816,update_event_mean
2025-12-16,195.34906542056072,135,214,0.19765739385065886,update_event_mean
2025-12-17,198.5898412698413,217,315,0.31771595900439237,update_event_mean
2025-12-18,202.37649484536084,308,485,0.45095168374816985,update_event_mean
2025-12-19,199.46333333333334,336,540,0.49194729136163984,update_event_mean
2025-12-20,194.9318,324,500,0.4743777452415813,update_event_mean
2025-12-21,190.82666666666665,216,375,0.3162518301610542,update_event_mean
2025-12-22,189.35772230889236,367,641,0.5373352855051244,update_event_mean
2025-12-23,185.53176838810643,380,639,0.5563689604685212,update_event_mean
2025-12-24,183.56484375,372,640,0.5446559297218155,update_event_mean
2025-12-25,183.1979919678715,300,498,0.43923865300146414,update_event_mean
2025-12-26,180.09784172661873,207,417,0.30307467057101023,update_event_mean
2025-12-27,180.07257799671592,357,609,0.5226939970717424,update_event_mean
2025-12-28,179.51343012704177,314,551,0.45973645680819913,update_event_mean
2025-12-29,176.99717261904763,367,672,0.5373352855051244,update_event_mean
2025-12-30,174.7422641509434,334,530,0.4890190336749634,update_event_mean
2025-12-31,172.6497227356747,339,541,0.49633967789165445,update_event_mean
2026-01-01,172.2927570093458,257,428,0.3762811127379209,update_event_mean
2026-01-02,169.7593291404612,321,477,0.4699853587115666,update_event_mean
2026-01-03,168.94764267990075,246,403,0.3601756954612006,update_event_mean
2026-01-04,167.49771167048056,252,437,0.3689604685212299,update_event_mean
2026-01-05,165.7065979381443,289,485,0.42313323572474376,update_event_mean
2026-01-06,163.80201793721972,277,446,0.4055636896046852,update_event_mean
2026-01-07,163.08434622467772,317,543,0.46412884333821375,update_event_mean
2026-01-08,160.67697674418605,269,430,0.3938506588579795,update_event_mean
2026-01-09,160.99280898876404,264,445,0.38653001464128844,update_event_mean
2026-01-10,159.45353535353536,169,297,0.24743777452415813,update_event_mean
2026-01-11,160.02469135802468,207,324,0.30307467057101023,update_event_mean
2026-01-12,162.50596590909092,214,352,0.31332357247437775,update_event_mean
2026-01-13,160.32793103448276,179,290,0.26207906295754024,update_event_mean
2026-01-14,163.251269035533,125,197,0.18301610541727673,update_event_mean
2026-01-15,164.83644444444445,145,225,0.212298682284041,update_event_mean
2026-01-16,166.3735294117647,108,170,0.1581259150805271,update_event_mean
2026-01-17,164.0048951048951,101,143,0.1478770131771596,update_event_mean
2026-01-18,172.36043165467626,83,139,0.12152269399707175,update_event_mean
2026-01-19,173.12013888888887,100,144,0.14641288433382138,update_event_mean
2026-01-20,173.15364238410598,110,151,0.16105417276720352,update_event_mean
2026-01-21,178.69683794466405,182,253,0.2664714494875549,update_event_mean
2026-01-22,182.418,149,200,0.21815519765739386,update_event_mean
2026-01-23,178.02566844919787,137,187,0.2005856515373353,update_event_mean
2026-01-24,183.6876712328767,111,146,0.16251830161054173,update_event_mean
2026-01-25,182.04961240310078,95,129,0.1390922401171303,update_event_mean
2026-01-26,181.9747967479675,91,123,0.13323572474377746,update_event_mean
2026-01-27,187.39192708333334,284,384,0.4158125915080527,update_event_mean
2026-01-28,188.4230593607306,241,438,0.3528550512445095,update_event_mean
2026-01-29,183.90066964285714,281,448,0.41142020497803805,update_event_mean
2026-01-30,181.15734989648033,283,483,0.4143484626647145,update_event_mean
2026-01-31,178.90553505535055,161,271,0.23572474377745242,update_event_mean
2026-02-01,178.60286624203823,170,314,0.24890190336749635,update_event_mean
2026-02-02,179.47683823529414,347,544,0.5080527086383602,update_event_mean
2026-02-03,175.08508557457213,235,409,0.3440702781844802,update_event_mean
2026-02-04,174.1868462757528,365,631,0.5344070278184481,update_event_mean
2026-02-05,169.74714714714716,349,666,0.5109809663250366,update_event_mean
2026-02-06,165.98884758364312,302,538,0.44216691068814057,update_event_mean
2026-02-07,164.9372641509434,243,424,0.3557833089311859,update_event_mean
2026-02-08,163.68504672897197,249,428,0.3645680819912152,update_event_mean
2026-02-09,161.80796460176992,363,678,0.5314787701317716,update_event_mean
2026-02-10,159.6949579831933,292,476,0.42752562225475843,update_event_mean
2026-02-11,158.90666666666667,165,270,0.24158125915080528,update_event_mean
2026-02-12,158.11991150442478,144,226,0.2108345534407028,update_event_mean
2026-02-13,158.1867403314917,115,181,0.1683748169838946,update_event_mean
2026-02-14,156.45250000000001,106,160,0.15519765739385066,update_event_mean
2026-02-15,156.26404494382024,96,178,0.14055636896046853,update_event_mean
2026-02-16,156.81650943396227,136,212,0.19912152269399708,update_event_mean
2026-02-17,155.9160237388724,253,337,0.37042459736456806,update_event_mean
2026-02-18,161.45917159763314,120,169,0.17569546120058566,update_event_mean
2026-02-19,165.7051282051282,112,156,0.16398243045387995,update_event_mean
2026-02-20,162.08776978417268,87,139,0.1273792093704246,update_event_mean
2026-02-21,159.05581395348838,47,86,0.06881405563689605,update_event_mean
2026-02-22,162.67236842105262,45,76,0.06588579795021962,update_event_mean
2026-02-23,171.965,116,160,0.1698389458272328,update_event_mean
2026-02-24,176.08620689655172,80,116,0.1171303074670571,update_event_mean
2026-02-25,173.11200000000002,124,175,0.1815519765739385,update_event_mean
2026-02-26,176.08089171974524,113,157,0.16544655929721816,update_event_mean
2026-02-27,186.19304812834224,144,187,0.2108345534407028,update_event_mean
2026-02-28,184.73529411764707,84,102,0.12298682284040996,update_event_mean
2026-03-01,190.3967320261438,126,153,0.18448023426061494,update_event_mean
2026-03-02,187.69245901639346,210,305,0.3074670571010249,update_event_mean
2026-03-03,206.55202020202023,458,594,0.6705710102489019,update_event_mean
2026-03-04,202.78300653594772,199,306,0.2913616398243045,update_event_mean
2026-03-05,208.40337078651686,143,178,0.20937042459736457,update_event_mean
2026-03-06,213.07899543378997,181,219,0.26500732064421667,update_event_mean
2026-03-07,212.79894736842107,79,95,0.11566617862371889,update_event_mean
2026-03-08,212.87460317460318,49,63,0.07174231332357248,update_event_mean
2026-03-09,216.00409836065575,80,122,0.1171303074670571,update_event_mean
2026-03-10,216.52360248447206,130,161,0.1903367496339678,update_event_mean
2026-03-11,217.5668918918919,118,148,0.17276720351390923,update_event_mean
2026-03-12,219.67623762376238,82,101,0.12005856515373353,update_event_mean
2026-03-13,227.04822134387354,205,253,0.3001464128843338,update_event_mean
2026-03-14,228.8128272251309,350,382,0.5124450951683748,update_event_mean
2026-03-15,227.034375,51,64,0.0746705710102489,update_event_mean
2026-03-16,230.24777777777777,73,90,0.10688140556368961,update_event_mean
2026-03-17,231.81,76,90,0.11127379209370425,update_event_mean
2026-03-18,239.04008810572685,168,227,0.24597364568081992,update_event_mean
2026-03-19,239.2898238747554,437,511,0.6398243045387995,update_event_mean
2026-03-20,244.225,173,224,0.25329428989751096,update_event_mean
2026-03-21,245.42707581227438,186,277,0.27232796486090777,update_event_mean
2026-03-22,242.68048780487803,72,82,0.1054172767203514,update_event_mean
2026-03-23,248.12232415902142,286,327,0.41874084919472915,update_event_mean
2026-03-24,249.48097165991905,196,247,0.2869692532942899,update_event_mean
2026-03-25,251.68320610687022,112,131,0.16398243045387995,update_event_mean
2026-03-26,252.89114391143912,177,271,0.2591508052708638,update_event_mean
2026-03-27,253.69397590361444,328,415,0.4802342606149341,update_event_mean
2026-03-28,257.12716417910445,294,335,0.43045387994143486,update_event_mean
2026-03-29,257.869921875,228,256,0.33382137628111275,update_event_mean
2026-03-30,257.5952380952381,155,210,0.22693997071742314,update_event_mean
2026-03-31,253.17751479289942,130,169,0.1903367496339678,update_event_mean
2025-04-01,175.39066666666668,225,301,0.3294289897510981,station_day_last_mean
2025-04-02,175.23389830508475,177,246,0.2591508052708638,station_day_last_mean
2025-04-03,175.40609318996417,279,349,0.4084919472913616,station_day_last_mean
2025-04-04,174.54767441860466,258,336,0.37774524158125916,station_day_last_mean
2025-04-05,173.05041666666665,240,273,0.3513909224011713,station_day_last_mean
2025-04-06,171.11481481481482,108,134,0.1581259150805271,station_day_last_mean
2025-04-07,172.32379182156134,269,321,0.3938506588579795,station_day_last_mean
2025-04-08,169.69204545454548,264,343,0.38653001464128844,station_day_last_mean
2025-04-09,169.67719298245615,228,296,0.33382137628111275,station_day_last_mean
2025-04-10,166.952,200,250,0.29282576866764276,station_day_last_mean
2025-04-11,167.17007299270074,274,333,0.4011713030746706,station_day_last_mean
2025-04-12,165.79058295964126,223,256,0.32650073206442165,station_day_last_mean
2025-04-13,164.70470588235293,85,103,0.12445095168374817,station_day_last_mean
2025-04-14,165.75426829268292,164,208,0.24011713030746706,station_day_last_mean
2025-04-15,164.55708661417322,254,313,0.3718887262079063,station_day_last_mean
2025-04-16,163.65343137254902,204,262,0.2986822840409956,station_day_last_mean
2025-04-17,168.02074074074073,135,186,0.19765739385065886,station_day_last_mean
2025-04-18,172.0467391304348,92,115,0.13469985358711567,station_day_last_mean
2025-04-19,166.815,60,71,0.08784773060029283,station_day_last_mean
2025-04-20,175.21428571428572,84,102,0.12298682284040996,station_day_last_mean
2025-04-21,175.18985507246379,69,89,0.10102489019033675,station_day_last_mean
2025-04-22,170.62574257425743,101,135,0.1478770131771596,station_day_last_mean
2025-04-23,171.17592592592592,108,146,0.1581259150805271,station_day_last_mean
2025-04-24,182.53680981595093,163,245,0.23865300146412885,station_day_last_mean
2025-04-25,179.7223140495868,121,157,0.17715959004392387,station_day_last_mean
2025-04-26,175.86944444444447,108,153,0.1581259150805271,station_day_last_mean
2025-04-27,183.13690476190476,84,101,0.12298682284040996,station_day_last_mean
2025-04-28,190.42428571428573,140,196,0.20497803806734993,station_day_last_mean
2025-04-29,189.1584,125,163,0.18301610541727673,station_day_last_mean
2025-04-30,193.20254777070062,157,197,0.22986822840409957,station_day_last_mean
2025-05-01,194.2943396226415,265,352,0.38799414348462663,station_day_last_mean
2025-05-02,194.75206896551722,290,383,0.424597364568082,station_day_last_mean
2025-05-03,193.51564885496182,262,352,0.383601756954612,station_day_last_mean
2025-05-04,187.14318181818183,132,187,0.19326500732064422,station_day_last_mean
2025-05-05,189.50291777188332,377,556,0.5519765739385066,station_day_last_mean
2025-05-06,186.22492836676219,349,505,0.5109809663250366,station_day_last_mean
2025-05-07,183.56453674121408,313,410,0.4582723279648609,station_day_last_mean
2025-05-08,180.575,320,425,0.4685212298682284,station_day_last_mean
2025-05-09,180.140522875817,306,389,0.4480234260614934,station_day_last_mean
2025-05-10,176.7533898305085,236,296,0.34553440702781846,station_day_last_mean
2025-05-11,176.2685185185185,324,459,0.4743777452415813,station_day_last_mean
2025-05-12,173.39777158774373,359,472,0.5256222547584187,station_day_last_mean
2025-05-13,170.0907894736842,380,634,0.5563689604685212,station_day_last_mean
2025-05-14,167.80875331564988,377,591,0.5519765739385066,station_day_last_mean
2025-05-15,165.03548387096777,372,568,0.5446559297218155,station_day_last_mean
2025-05-16,163.30996884735202,321,484,0.4699853587115666,station_day_last_mean
2025-05-17,162.59765625,256,309,0.37481698389458273,station_day_last_mean
2025-05-18,161.1111888111888,143,193,0.20937042459736457,station_day_last_mean
2025-05-19,160.00608974358974,312,413,0.4568081991215227,station_day_last_mean
2025-05-20,159.34586206896552,290,384,0.424597364568082,station_day_last_mean
2025-05-21,157.67142857142858,252,320,0.3689604685212299,station_day_last_mean
2025-05-22,162.1625,152,198,0.2225475841874085,station_day_last_mean
2025-05-23,163.62692307692308,104,141,0.15226939970717424,station_day_last_mean
2025-05-24,165.58876404494382,89,127,0.13030746705710103,station_day_last_mean
2025-05-25,172.72542372881358,59,80,0.08638360175695461,station_day_last_mean
2025-05-26,167.24,80,106,0.1171303074670571,station_day_last_mean
2025-05-27,169.93333333333334,81,115,0.11859443631039532,station_day_last_mean
2025-05-28,174.80506329113925,79,99,0.11566617862371889,station_day_last_mean
2025-05-29,167.2511627906977,86,113,0.1259150805270864,station_day_last_mean
2025-05-30,162.7216666666667,60,85,0.08784773060029283,station_day_last_mean
2025-05-31,163.3609375,64,105,0.09370424597364568,station_day_last_mean
2025-06-01,169.99791666666667,48,62,0.07027818448023426,station_day_last_mean
2025-06-02,179.1612244897959,98,132,0.14348462664714495,station_day_last_mean
2025-06-03,179.2046511627907,129,189,0.18887262079062958,station_day_last_mean
2025-06-04,186.7483870967742,155,215,0.22693997071742314,station_day_last_mean
2025-06-05,178.28629032258064,124,165,0.1815519765739385,station_day_last_mean
2025-06-06,187.00890410958903,146,190,0.21376281112737922,station_day_last_mean
2025-06-07,180.13365384615386,104,139,0.15226939970717424,station_day_last_mean
2025-06-08,179.82151898734176,79,113,0.11566617862371889,station_day_last_mean
2025-06-09,185.5135802469136,81,123,0.11859443631039532,station_day_last_mean
2025-06-10,195.49081967213115,305,387,0.4465592972181552,station_day_last_mean
2025-06-11,190.52168284789644,309,474,0.45241581259150804,station_day_last_mean
2025-06-12,190.4351851851852,324,477,0.4743777452415813,station_day_last_mean
2025-06-13,187.94038461538463,312,491,0.4568081991215227,station_day_last_mean
2025-06-14,185.14723247232473,271,381,0.3967789165446559,station_day_last_mean
2025-06-15,184.21802721088434,294,406,0.43045387994143486,station_day_last_mean
2025-06-16,181.74468085106383,329,450,0.4816983894582723,station_day_last_mean
2025-06-17,179.82145214521452,303,442,0.44363103953147875,station_day_last_mean
2025-06-18,176.52469879518074,332,500,0.486090775988287,station_day_last_mean
2025-06-19,173.68868613138687,274,411,0.4011713030746706,station_day_last_mean
2025-06-20,172.29774774774774,222,324,0.32503660322108346,station_day_last_mean
2025-06-21,170.9229357798165,109,151,0.1595900439238653,station_day_last_mean
2025-06-22,169.01157894736843,95,123,0.1390922401171303,station_day_last_mean
2025-06-23,173.3038888888889,180,234,0.2635431918008785,station_day_last_mean
2025-06-24,173.34758620689655,145,203,0.212298682284041,station_day_last_mean
2025-06-25,172.15579710144928,138,194,0.2020497803806735,station_day_last_mean
2025-06-26,176.54377880184333,217,327,0.31771595900439237,station_day_last_mean
2025-06-27,174.1884892086331,139,208,0.20351390922401172,station_day_last_mean
2025-06-28,168.0453781512605,119,157,0.17423133235724744,station_day_last_mean
2025-06-29,166.66585365853658,82,109,0.12005856515373353,station_day_last_mean
2025-06-30,172.05161290322582,124,195,0.1815519765739385,station_day_last_mean
2025-07-01,177.18942307692308,104,145,0.15226939970717424,station_day_last_mean
2025-07-02,171.78636363636363,110,163,0.16105417276720352,station_day_last_mean
2025-07-03,183.06533333333334,150,202,0.21961932650073207,station_day_last_mean
2025-07-04,188.02448979591838,147,199,0.21522693997071743,station_day_last_mean
2025-07-05,190.71297709923664,131,164,0.191800878477306,station_day_last_mean
2025-07-06,188.1527027027027,74,100,0.10834553440702782,station_day_last_mean
2025-07-07,191.75112781954888,133,181,0.19472913616398244,station_day_last_mean
2025-07-08,197.64008620689654,232,363,0.3396778916544656,station_day_last_mean
2025-07-09,197.69710144927538,276,402,0.404099560761347,station_day_last_mean
2025-07-10,193.59453125000002,256,405,0.37481698389458273,station_day_last_mean
2025-07-11,191.61843137254903,255,411,0.3733528550512445,station_day_last_mean
2025-07-12,189.60677290836654,251,327,0.36749633967789164,station_day_last_mean
2025-07-13,186.46597510373445,241,340,0.3528550512445095,station_day_last_mean
2025-07-14,184.78064516129032,310,447,0.4538799414348463,station_day_last_mean
2025-07-15,180.43056300268097,373,566,0.5461200585651538,station_day_last_mean
2025-07-16,177.75013850415513,361,540,0.5285505124450952,station_day_last_mean
2025-07-17,174.0967032967033,364,529,0.5329428989751098,station_day_last_mean
2025-07-18,170.80331491712707,362,554,0.5300146412884333,station_day_last_mean
2025-07-19,169.24391891891892,296,359,0.4333821376281113,station_day_last_mean
2025-07-20,167.93356164383562,292,367,0.42752562225475843,station_day_last_mean
2025-07-21,166.5234756097561,328,417,0.4802342606149341,station_day_last_mean
2025-07-22,164.60900900900901,333,427,0.48755490483162517,station_day_last_mean
2025-07-23,164.3122448979592,294,379,0.43045387994143486,station_day_last_mean
2025-07-24,162.2433734939759,249,301,0.3645680819912152,station_day_last_mean
2025-07-25,160.75761904761904,210,267,0.3074670571010249,station_day_last_mean
2025-07-26,158.8743119266055,109,135,0.1595900439238653,station_day_last_mean
2025-07-27,158.5159420289855,69,88,0.10102489019033675,station_day_last_mean
2025-07-28,169.01941747572815,103,138,0.15080527086383602,station_day_last_mean
2025-07-29,171.6967741935484,124,162,0.1815519765739385,station_day_last_mean
2025-07-30,162.757,200,250,0.29282576866764276,station_day_last_mean
2025-07-31,171.50542168674698,166,197,0.2430453879941435,station_day_last_mean
2025-08-01,171.86752136752136,117,155,0.17130307467057102,station_day_last_mean
2025-08-02,177.23333333333335,93,116,0.13616398243045388,station_day_last_mean
2025-08-03,173.09696969696972,99,108,0.14494875549048317,station_day_last_mean
2025-08-04,183.71127450980393,204,245,0.2986822840409956,station_day_last_mean
2025-08-05,182.60902777777778,144,183,0.2108345534407028,station_day_last_mean
2025-08-06,184.6761006289308,159,207,0.232796486090776,station_day_last_mean
2025-08-07,189.81704545454548,264,340,0.38653001464128844,station_day_last_mean
2025-08-08,188.5954128440367,327,441,0.4787701317715959,station_day_last_mean
2025-08-09,188.3225925925926,270,412,0.3953147877013177,station_day_last_mean
2025-08-10,187.66938775510204,245,345,0.35871156661786235,station_day_last_mean
2025-08-11,182.5823076923077,390,618,0.5710102489019033,station_day_last_mean
2025-08-12,181.12445652173915,368,591,0.5387994143484627,station_day_last_mean
2025-08-13,177.39617021276595,235,394,0.3440702781844802,station_day_last_mean
2025-08-14,177.9123839009288,323,497,0.47291361639824303,station_day_last_mean
2025-08-15,176.24276094276092,297,440,0.43484626647144947,station_day_last_mean
2025-08-16,174.6706896551724,116,173,0.1698389458272328,station_day_last_mean
2025-08-17,173.64608695652174,115,192,0.1683748169838946,station_day_last_mean
2025-08-18,174.31974522292995,314,474,0.45973645680819913,station_day_last_mean
2025-08-19,173.034,350,507,0.5124450951683748,station_day_last_mean
2025-08-20,171.4857142857143,350,454,0.5124450951683748,station_day_last_mean
2025-08-21,169.15545722713867,339,451,0.49633967789165445,station_day_last_mean
2025-08-22,168.06430976430977,297,381,0.43484626647144947,station_day_last_mean
2025-08-23,166.9780487804878,123,153,0.1800878477306003,station_day_last_mean
2025-08-24,167.85545454545456,110,146,0.16105417276720352,station_day_last_mean
2025-08-25,166.32296819787987,283,361,0.4143484626647145,station_day_last_mean
2025-08-26,166.60476190476192,315,457,0.4612005856515373,station_day_last_mean
2025-08-27,166.06021505376344,186,263,0.27232796486090777,station_day_last_mean
2025-08-28,165.34619883040935,171,245,0.25036603221083453,station_day_last_mean
2025-08-29,167.0325396825397,126,184,0.18448023426061494,station_day_last_mean
2025-08-30,166.91851851851854,108,158,0.1581259150805271,station_day_last_mean
2025-08-31,173.01323529411764,68,89,0.09956076134699854,station_day_last_mean
2025-09-01,169.7304964539007,141,194,0.20644216691068815,station_day_last_mean
2025-09-02,177.16320000000002,125,168,0.18301610541727673,station_day_last_mean
2025-09-03,178.91376146788994,109,150,0.1595900439238653,station_day_last_mean
2025-09-04,179.4278350515464,97,119,0.14202049780380674,station_day_last_mean
2025-09-05,182.41714285714286,105,132,0.15373352855051245,station_day_last_mean
2025-09-06,181.78450704225352,71,94,0.10395314787701318,station_day_last_mean
2025-09-07,180.99400000000003,50,69,0.07320644216691069,station_day_last_mean
2025-09-08,185.2372093023256,129,165,0.18887262079062958,station_day_last_mean
2025-09-09,189.77083333333334,144,180,0.2108345534407028,station_day_last_mean
2025-09-10,189.49634146341464,164,229,0.24011713030746706,station_day_last_mean
2025-09-11,189.26733333333334,150,199,0.21961932650073207,station_day_last_mean
2025-09-12,189.1350746268657,134,194,0.19619326500732065,station_day_last_mean
2025-09-13,188.2075,120,171,0.17569546120058566,station_day_last_mean
2025-09-14,187.4508620689655,116,193,0.1698389458272328,station_day_last_mean
2025-09-15,190.90388888888887,180,288,0.2635431918008785,station_day_last_mean
2025-09-16,195.59787985865725,283,383,0.4143484626647145,station_day_last_mean
2025-09-17,190.0196261682243,321,489,0.4699853587115666,station_day_last_mean
2025-09-18,188.95759493670886,316,476,0.46266471449487556,station_day_last_mean
2025-09-19,187.34890965732086,321,486,0.4699853587115666,station_day_last_mean
2025-09-20,185.106463878327,263,359,0.3850658857979502,station_day_last_mean
2025-09-21,183.29702602230483,269,399,0.3938506588579795,station_day_last_mean
2025-09-22,181.66096096096095,333,500,0.48755490483162517,station_day_last_mean
2025-09-23,178.50380116959064,342,521,0.5007320644216691,station_day_last_mean
2025-09-24,178.61289398280803,349,548,0.5109809663250366,station_day_last_mean
2025-09-25,175.5899182561308,367,555,0.5373352855051244,station_day_last_mean
2025-09-26,172.6797507788162,321,454,0.4699853587115666,station_day_last_mean
2025-09-27,170.90133333333335,225,339,0.3294289897510981,station_day_last_mean
2025-09-28,170.33151515151516,165,244,0.24158125915080528,station_day_last_mean
2025-09-29,168.83228571428572,350,602,0.5124450951683748,station_day_last_mean
2025-09-30,167.79864864864865,296,440,0.4333821376281113,station_day_last_mean
2025-10-01,166.19778597785978,271,374,0.3967789165446559,station_day_last_mean
2025-10-02,166.32484472049688,161,247,0.23572474377745242,station_day_last_mean
2025-10-03,166.47214285714287,140,213,0.20497803806734993,station_day_last_mean
2025-10-04,166.68842105263158,95,145,0.1390922401171303,station_day_last_mean
2025-10-05,168.87701149425288,87,121,0.1273792093704246,station_day_last_mean
2025-10-06,167.665625,96,140,0.14055636896046853,station_day_last_mean
2025-10-07,172.9904347826087,115,176,0.1683748169838946,station_day_last_mean
2025-10-08,177.70502512562817,199,301,0.2913616398243045,station_day_last_mean
2025-10-09,169.2486842105263,152,226,0.2225475841874085,station_day_last_mean
2025-10-10,174.1201550387597,129,187,0.18887262079062958,station_day_last_mean
2025-10-11,165.2,72,107,0.1054172767203514,station_day_last_mean
2025-10-12,185.3865168539326,89,115,0.13030746705710103,station_day_last_mean
2025-10-13,193.99444444444444,180,232,0.2635431918008785,station_day_last_mean
2025-10-14,188.51791907514453,173,234,0.25329428989751096,station_day_last_mean
2025-10-15,190.03493975903615,166,221,0.2430453879941435,station_day_last_mean
2025-10-16,189.39402173913044,184,289,0.26939970717423134,station_day_last_mean
2025-10-17,196.30912280701753,285,408,0.4172767203513909,station_day_last_mean
2025-10-18,196.01777777777778,270,414,0.3953147877013177,station_day_last_mean
2025-10-19,193.82809917355374,242,391,0.35431918008784774,station_day_last_mean
2025-10-20,189.4752777777778,360,567,0.527086383601757,station_day_last_mean
2025-10-21,185.84952978056427,319,476,0.4670571010248902,station_day_last_mean
2025-10-22,184.3474358974359,312,474,0.4568081991215227,station_day_last_mean
2025-10-23,183.50405405405408,296,475,0.4333821376281113,station_day_last_mean
2025-10-24,180.78027210884355,294,433,0.43045387994143486,station_day_last_mean
2025-10-25,181.10685483870967,248,351,0.363103953147877,station_day_last_mean
2025-10-26,177.7265060240964,166,272,0.2430453879941435,station_day_last_mean
2025-10-27,178.7989898989899,297,436,0.43484626647144947,station_day_last_mean
2025-10-28,177.65185185185186,243,343,0.3557833089311859,station_day_last_mean
2025-10-29,176.85880398671097,301,462,0.4407027818448023,station_day_last_mean
2025-10-30,174.3591743119266,218,326,0.3191800878477306,station_day_last_mean
2025-10-31,174.3706106870229,262,358,0.383601756954612,station_day_last_mean
2025-11-01,174.06915887850468,214,276,0.31332357247437775,station_day_last_mean
2025-11-02,172.68446601941747,103,160,0.15080527086383602,station_day_last_mean
2025-11-03,172.38888888888889,252,352,0.3689604685212299,station_day_last_mean
2025-11-04,171.6118577075099,253,367,0.37042459736456806,station_day_last_mean
2025-11-05,171.5860294117647,136,204,0.19912152269399708,station_day_last_mean
2025-11-06,170.93012820512823,156,235,0.22840409956076135,station_day_last_mean
2025-11-07,175.61570247933884,121,183,0.17715959004392387,station_day_last_mean
2025-11-08,171.65393258426968,89,137,0.13030746705710103,station_day_last_mean
2025-11-09,177.4370786516854,89,150,0.13030746705710103,station_day_last_mean
2025-11-10,180.06323529411767,136,190,0.19912152269399708,station_day_last_mean
2025-11-11,177.7915254237288,118,185,0.17276720351390923,station_day_last_mean
2025-11-12,187.35742574257424,101,136,0.1478770131771596,station_day_last_mean
2025-11-13,187.2731182795699,93,126,0.13616398243045388,station_day_last_mean
2025-11-14,186.23445378151263,119,163,0.17423133235724744,station_day_last_mean
2025-11-15,188.59661016949153,118,167,0.17276720351390923,station_day_last_mean
2025-11-16,192.95977011494253,87,116,0.1273792093704246,station_day_last_mean
2025-11-17,192.752972972973,185,249,0.2708638360175695,station_day_last_mean
2025-11-18,196.04600000000002,150,203,0.21961932650073207,station_day_last_mean
2025-11-19,195.24260355029585,169,245,0.24743777452415813,station_day_last_mean
2025-11-20,200.70600000000002,350,565,0.5124450951683748,station_day_last_mean
2025-11-21,197.43579545454548,352,682,0.5153733528550513,station_day_last_mean
2025-11-22,195.07582781456955,302,433,0.44216691068814057,station_day_last_mean
2025-11-23,193.03045977011496,174,271,0.2547584187408492,station_day_last_mean
2025-11-24,190.43547486033523,358,622,0.5241581259150805,station_day_last_mean
2025-11-25,188.29662921348316,356,551,0.5212298682284041,station_day_last_mean
2025-11-26,182.73740259740262,385,721,0.5636896046852123,station_day_last_mean
2025-11-27,179.16786632390748,389,719,0.5695461200585652,station_day_last_mean
2025-11-28,176.6931989924433,397,684,0.5812591508052709,station_day_last_mean
2025-11-29,174.8060402684564,298,386,0.4363103953147877,station_day_last_mean
2025-11-30,172.97857142857143,154,238,0.22547584187408493,station_day_last_mean
2025-12-01,172.81846153846152,390,595,0.5710102489019033,station_day_last_mean
2025-12-02,169.41084337349398,415,762,0.6076134699853587,station_day_last_mean
2025-12-03,169.50982658959538,346,536,0.5065885797950219,station_day_last_mean
2025-12-04,174.42095808383232,167,226,0.2445095168374817,station_day_last_mean
2025-12-05,174.68992248062017,129,173,0.18887262079062958,station_day_last_mean
2025-12-06,175.33,90,126,0.13177159590043924,station_day_last_mean
2025-12-07,189.77064220183487,109,135,0.1595900439238653,station_day_last_mean
2025-12-08,182.41619047619048,105,144,0.15373352855051245,station_day_last_mean
2025-12-09,187.82314814814816,108,135,0.1581259150805271,station_day_last_mean
2025-12-10,190.3111111111111,126,158,0.18448023426061494,station_day_last_mean
2025-12-11,195.57826086956524,161,215,0.23572474377745242,station_day_last_mean
2025-12-12,193.4855072463768,138,202,0.2020497803806735,station_day_last_mean
2025-12-13,191.17611940298508,134,184,0.19619326500732065,station_day_last_mean
2025-12-14,194.24536082474225,97,137,0.14202049780380674,station_day_last_mean
2025-12-15,195.1796460176991,113,161,0.16544655929721816,station_day_last_mean
2025-12-16,194.79703703703706,135,214,0.19765739385065886,station_day_last_mean
2025-12-17,199.06405529953918,217,315,0.31771595900439237,station_day_last_mean
2025-12-18,202.95876623376626,308,485,0.45095168374816985,station_day_last_mean
2025-12-19,198.63035714285715,336,540,0.49194729136163984,station_day_last_mean
2025-12-20,195.30092592592592,324,500,0.4743777452415813,station_day_last_mean
2025-12-21,191.33333333333334,216,375,0.3162518301610542,station_day_last_mean
2025-12-22,189.4408719346049,367,641,0.5373352855051244,station_day_last_mean
2025-12-23,185.075,380,639,0.5563689604685212,station_day_last_mean
2025-12-24,183.4486559139785,372,640,0.5446559297218155,station_day_last_mean
2025-12-25,182.76733333333334,300,498,0.43923865300146414,station_day_last_mean
2025-12-26,179.12270531400966,207,417,0.30307467057101023,station_day_last_mean
2025-12-27,179.46274509803922,357,609,0.5226939970717424,station_day_last_mean
2025-12-28,178.7388535031847,314,551,0.45973645680819913,station_day_last_mean
2025-12-29,175.92098092643053,367,672,0.5373352855051244,station_day_last_mean
2025-12-30,173.49191616766467,334,530,0.4890190336749634,station_day_last_mean
2025-12-31,171.77994100294987,339,541,0.49633967789165445,station_day_last_mean
2026-01-01,171.52918287937743,257,428,0.3762811127379209,station_day_last_mean
2026-01-02,168.85420560747664,321,477,0.4699853587115666,station_day_last_mean
2026-01-03,168.31138211382114,246,403,0.3601756954612006,station_day_last_mean
2026-01-04,166.64126984126983,252,437,0.3689604685212299,station_day_last_mean
2026-01-05,164.66539792387545,289,485,0.42313323572474376,station_day_last_mean
2026-01-06,163.00505415162456,277,446,0.4055636896046852,station_day_last_mean
2026-01-07,162.2993690851735,317,543,0.46412884333821375,station_day_last_mean
2026-01-08,159.9628252788104,269,430,0.3938506588579795,station_day_last_mean
2026-01-09,160.70530303030304,264,445,0.38653001464128844,station_day_last_mean
2026-01-10,158.7414201183432,169,297,0.24743777452415813,station_day_last_mean
2026-01-11,159.84106280193237,207,324,0.30307467057101023,station_day_last_mean
2026-01-12,164.0929906542056,214,352,0.31332357247437775,station_day_last_mean
2026-01-13,160.7754189944134,179,290,0.26207906295754024,station_day_last_mean
2026-01-14,165.1864,125,197,0.18301610541727673,station_day_last_mean
2026-01-15,167.74620689655174,145,225,0.212298682284041,station_day_last_mean
2026-01-16,167.88796296296297,108,170,0.1581259150805271,station_day_last_mean
2026-01-17,166.64059405940594,101,143,0.1478770131771596,station_day_last_mean
2026-01-18,177.09036144578315,83,139,0.12152269399707175,station_day_last_mean
2026-01-19,175.601,100,144,0.14641288433382138,station_day_last_mean
2026-01-20,175.56727272727275,110,151,0.16105417276720352,station_day_last_mean
2026-01-21,181.50274725274724,182,253,0.2664714494875549,station_day_last_mean
2026-01-22,184.68993288590605,149,200,0.21815519765739386,station_day_last_mean
2026-01-23,181.05985401459856,137,187,0.2005856515373353,station_day_last_mean
2026-01-24,182.2027027027027,111,146,0.16251830161054173,station_day_last_mean
2026-01-25,180.11789473684212,95,129,0.1390922401171303,station_day_last_mean
2026-01-26,183.59450549450548,91,123,0.13323572474377746,station_day_last_mean
2026-01-27,187.30880281690142,284,384,0.4158125915080527,station_day_last_mean
2026-01-28,186.76597510373443,241,438,0.3528550512445095,station_day_last_mean
2026-01-29,184.15124555160142,281,448,0.41142020497803805,station_day_last_mean
2026-01-30,179.6879858657244,283,483,0.4143484626647145,station_day_last_mean
2026-01-31,178.55093167701864,161,271,0.23572474377745242,station_day_last_mean
2026-02-01,178.1529411764706,170,314,0.24890190336749635,station_day_last_mean
2026-02-02,178.27608069164265,347,544,0.5080527086383602,station_day_last_mean
2026-02-03,174.01021276595745,235,409,0.3440702781844802,station_day_last_mean
2026-02-04,172.5909589041096,365,631,0.5344070278184481,station_day_last_mean
2026-02-05,167.63581661891118,349,666,0.5109809663250366,station_day_last_mean
2026-02-06,164.68973509933775,302,538,0.44216691068814057,station_day_last_mean
2026-02-07,163.96378600823047,243,424,0.3557833089311859,station_day_last_mean
2026-02-08,162.7313253012048,249,428,0.3645680819912152,station_day_last_mean
2026-02-09,160.50358126721764,363,678,0.5314787701317716,station_day_last_mean
2026-02-10,158.96438356164384,292,476,0.42752562225475843,station_day_last_mean
2026-02-11,159.2290909090909,165,270,0.24158125915080528,station_day_last_mean
2026-02-12,156.9625,144,226,0.2108345534407028,station_day_last_mean
2026-02-13,158.81739130434784,115,181,0.1683748169838946,station_day_last_mean
2026-02-14,156.61037735849058,106,160,0.15519765739385066,station_day_last_mean
2026-02-15,155.94375,96,178,0.14055636896046853,station_day_last_mean
2026-02-16,157.4808823529412,136,212,0.19912152269399708,station_day_last_mean
2026-02-17,155.72885375494073,253,337,0.37042459736456806,station_day_last_mean
2026-02-18,164.0575,120,169,0.17569546120058566,station_day_last_mean
2026-02-19,167.59375,112,156,0.16398243045387995,station_day_last_mean
2026-02-20,166.05172413793105,87,139,0.1273792093704246,station_day_last_mean
2026-02-21,161.37659574468086,47,86,0.06881405563689605,station_day_last_mean
2026-02-22,167.4,45,76,0.06588579795021962,station_day_last_mean
2026-02-23,177.49137931034483,116,160,0.1698389458272328,station_day_last_mean
2026-02-24,179.4225,80,116,0.1171303074670571,station_day_last_mean
2026-02-25,176.97096774193548,124,175,0.1815519765739385,station_day_last_mean
2026-02-26,181.4929203539823,113,157,0.16544655929721816,station_day_last_mean
2026-02-27,187.30416666666667,144,187,0.2108345534407028,station_day_last_mean
2026-02-28,184.70238095238096,84,102,0.12298682284040996,station_day_last_mean
2026-03-01,193.70793650793652,126,153,0.18448023426061494,station_day_last_mean
2026-03-02,191.19761904761904,210,305,0.3074670571010249,station_day_last_mean
2026-03-03,209.91179039301312,458,594,0.6705710102489019,station_day_last_mean
2026-03-04,206.04824120603016,199,306,0.2913616398243045,station_day_last_mean
2026-03-05,208.36083916083916,143,178,0.20937042459736457,station_day_last_mean
2026-03-06,213.44861878453037,181,219,0.26500732064421667,station_day_last_mean
2026-03-07,213.19113924050632,79,95,0.11566617862371889,station_day_last_mean
2026-03-08,213.69183673469388,49,63,0.07174231332357248,station_day_last_mean
2026-03-09,216.49625,80,122,0.1171303074670571,station_day_last_mean
2026-03-10,217.4346153846154,130,161,0.1903367496339678,station_day_last_mean
2026-03-11,218.81016949152544,118,148,0.17276720351390923,station_day_last_mean
2026-03-12,220.23902439024388,82,101,0.12005856515373353,station_day_last_mean
2026-03-13,228.07365853658536,205,253,0.3001464128843338,station_day_last_mean
2026-03-14,229.22657142857145,350,382,0.5124450951683748,station_day_last_mean
2026-03-15,227.57058823529414,51,64,0.0746705710102489,station_day_last_mean
2026-03-16,230.74246575342465,73,90,0.10688140556368961,station_day_last_mean
2026-03-17,231.6986842105263,76,90,0.11127379209370425,station_day_last_mean
2026-03-18,240.63035714285715,168,227,0.24597364568081992,station_day_last_mean
2026-03-19,239.96933638443937,437,511,0.6398243045387995,station_day_last_mean
2026-03-20,245.3150289017341,173,224,0.25329428989751096,station_day_last_mean
2026-03-21,243.96989247311828,186,277,0.27232796486090777,station_day_last_mean
2026-03-22,242.8861111111111,72,82,0.1054172767203514,station_day_last_mean
2026-03-23,249.03741258741258,286,327,0.41874084919472915,station_day_last_mean
2026-03-24,250.51479591836735,196,247,0.2869692532942899,station_day_last_mean
2026-03-25,252.34553571428572,112,131,0.16398243045387995,station_day_last_mean
2026-03-26,252.12485875706213,177,271,0.2591508052708638,station_day_last_mean
2026-03-27,254.46646341463415,328,415,0.4802342606149341,station_day_last_mean
2026-03-28,257.51224489795914,294,335,0.43045387994143486,station_day_last_mean
2026-03-29,258.1166666666667,228,256,0.33382137628111275,station_day_last_mean
2026-03-30,256.7483870967742,155,210,0.22693997071742314,station_day_last_mean
2026-03-31,252.8930769230769,130,169,0.1903367496339678,station_day_last_mean
2025-04-01,175.81474074074075,225,301,0.3294289897510981,station_day_mean_equal_weight
2025-04-02,175.73380414312618,177,246,0.2591508052708638,station_day_mean_equal_weight
2025-04-03,175.65800477897253,279,349,0.4084919472913616,station_day_mean_equal_weight
2025-04-04,174.87864987080104,258,336,0.37774524158125916,station_day_mean_equal_weight
2025-04-05,173.29104166666667,240,273,0.3513909224011713,station_day_mean_equal_weight
2025-04-06,171.4378086419753,108,134,0.1581259150805271,station_day_mean_equal_weight
2025-04-07,172.37361833952912,269,321,0.3938506588579795,station_day_mean_equal_weight
2025-04-08,170.12556818181818,264,343,0.38653001464128844,station_day_mean_equal_weight
2025-04-09,170.16308479532165,228,296,0.33382137628111275,station_day_mean_equal_weight
2025-04-10,167.69299999999998,200,250,0.29282576866764276,station_day_mean_equal_weight
2025-04-11,167.3817518248175,274,333,0.4011713030746706,station_day_mean_equal_weight
2025-04-12,165.94125560538117,223,256,0.32650073206442165,station_day_mean_equal_weight
2025-04-13,165.0635294117647,85,103,0.12445095168374817,station_day_mean_equal_weight
2025-04-14,166.28704268292682,164,208,0.24011713030746706,station_day_mean_equal_weight
2025-04-15,164.43654855643044,254,313,0.3718887262079063,station_day_mean_equal_weight
2025-04-16,163.80351307189542,204,262,0.2986822840409956,station_day_mean_equal_weight
2025-04-17,168.02617283950616,135,186,0.19765739385065886,station_day_mean_equal_weight
2025-04-18,171.97028985507245,92,115,0.13469985358711567,station_day_mean_equal_weight
2025-04-19,167.595,60,71,0.08784773060029283,station_day_mean_equal_weight
2025-04-20,175.71924603174602,84,102,0.12298682284040996,station_day_mean_equal_weight
2025-04-21,176.02270531400967,69,89,0.10102489019033675,station_day_mean_equal_weight
2025-04-22,172.4785808580858,101,135,0.1478770131771596,station_day_mean_equal_weight
2025-04-23,172.27762345679014,108,146,0.1581259150805271,station_day_mean_equal_weight
2025-04-24,184.2642424242424,163,245,0.23865300146412885,station_day_mean_equal_weight
2025-04-25,181.48016528925618,121,157,0.17715959004392387,station_day_mean_equal_weight
2025-04-26,179.54475308641975,108,153,0.1581259150805271,station_day_mean_equal_weight
2025-04-27,183.78214285714287,84,101,0.12298682284040996,station_day_mean_equal_weight
2025-04-28,189.72535714285715,140,196,0.20497803806734993,station_day_mean_equal_weight
2025-04-29,189.88320000000002,125,163,0.18301610541727673,station_day_mean_equal_weight
2025-04-30,193.50679405520168,157,197,0.22986822840409957,station_day_mean_equal_weight
2025-05-01,194.6814465408805,265,352,0.38799414348462663,station_day_mean_equal_weight
2025-05-02,195.44182183908046,290,383,0.424597364568082,station_day_mean_equal_weight
2025-05-03,194.4236641221374,262,352,0.383601756954612,station_day_mean_equal_weight
2025-05-04,187.95164141414142,132,187,0.19326500732064422,station_day_mean_equal_weight
2025-05-05,190.29710875331563,377,556,0.5519765739385066,station_day_mean_equal_weight
2025-05-06,186.95216809933143,349,505,0.5109809663250366,station_day_mean_equal_weight
2025-05-07,184.05841320553782,313,410,0.4582723279648609,station_day_mean_equal_weight
2025-05-08,181.13953125,320,425,0.4685212298682284,station_day_mean_equal_weight
2025-05-09,180.6330337690632,306,389,0.4480234260614934,station_day_mean_equal_weight
2025-05-10,177.31550847457626,236,296,0.34553440702781846,station_day_mean_equal_weight
2025-05-11,176.78827160493827,324,459,0.4743777452415813,station_day_mean_equal_weight
2025-05-12,173.78421541318477,359,472,0.5256222547584187,station_day_mean_equal_weight
2025-05-13,170.81852631578948,380,634,0.5563689604685212,station_day_mean_equal_weight
2025-05-14,168.4646993810787,377,591,0.5519765739385066,station_day_mean_equal_weight
2025-05-15,165.48741039426523,372,568,0.5446559297218155,station_day_mean_equal_weight
2025-05-16,163.67726598427532,321,484,0.4699853587115666,station_day_mean_equal_weight
2025-05-17,162.92180989583335,256,309,0.37481698389458273,station_day_mean_equal_weight
2025-05-18,161.58321678321678,143,193,0.20937042459736457,station_day_mean_equal_weight
2025-05-19,160.63450854700855,312,413,0.4568081991215227,station_day_mean_equal_weight
2025-05-20,159.73705747126436,290,384,0.424597364568082,station_day_mean_equal_weight
2025-05-21,158.0551917989418,252,320,0.3689604685212299,station_day_mean_equal_weight
2025-05-22,162.43125,152,198,0.2225475841874085,station_day_mean_equal_weight
2025-05-23,164.0465544871795,104,141,0.15226939970717424,station_day_mean_equal_weight
2025-05-24,164.99812734082397,89,127,0.13030746705710103,station_day_mean_equal_weight
2025-05-25,171.7771186440678,59,80,0.08638360175695461,station_day_mean_equal_weight
2025-05-26,168.23364583333336,80,106,0.1171303074670571,station_day_mean_equal_weight
2025-05-27,170.39917695473252,81,115,0.11859443631039532,station_day_mean_equal_weight
2025-05-28,174.99704641350212,79,99,0.11566617862371889,station_day_mean_equal_weight
2025-05-29,166.88817829457363,86,113,0.1259150805270864,station_day_mean_equal_weight
2025-05-30,162.90944444444446,60,85,0.08784773060029283,station_day_mean_equal_weight
2025-05-31,160.959765625,64,105,0.09370424597364568,station_day_mean_equal_weight
2025-06-01,170.59270833333332,48,62,0.07027818448023426,station_day_mean_equal_weight
2025-06-02,179.1954081632653,98,132,0.14348462664714495,station_day_mean_equal_weight
2025-06-03,179.6407622739018,129,189,0.18887262079062958,station_day_mean_equal_weight
2025-06-04,186.89345622119816,155,215,0.22693997071742314,station_day_mean_equal_weight
2025-06-05,177.9188172043011,124,165,0.1815519765739385,station_day_mean_equal_weight
2025-06-06,186.9716894977169,146,190,0.21376281112737922,station_day_mean_equal_weight
2025-06-07,180.7386217948718,104,139,0.15226939970717424,station_day_mean_equal_weight
2025-06-08,180.26244725738397,79,113,0.11566617862371889,station_day_mean_equal_weight
2025-06-09,184.96666666666667,81,123,0.11859443631039532,station_day_mean_equal_weight
2025-06-10,195.69120218579235,305,387,0.4465592972181552,station_day_mean_equal_weight
2025-06-11,191.68103636924025,309,474,0.45241581259150804,station_day_mean_equal_weight
2025-06-12,191.07559670781893,324,477,0.4743777452415813,station_day_mean_equal_weight
2025-06-13,188.48814102564103,312,491,0.4568081991215227,station_day_mean_equal_weight
2025-06-14,185.4759122591226,271,381,0.3967789165446559,station_day_mean_equal_weight
2025-06-15,184.57951247165533,294,406,0.43045387994143486,station_day_mean_equal_weight
2025-06-16,182.0953394123607,329,450,0.4816983894582723,station_day_mean_equal_weight
2025-06-17,180.2246204620462,303,442,0.44363103953147875,station_day_mean_equal_weight
2025-06-18,177.0777359437751,332,500,0.486090775988287,station_day_mean_equal_weight
2025-06-19,174.1523600973236,274,411,0.4011713030746706,station_day_mean_equal_weight
2025-06-20,172.7372897897898,222,324,0.32503660322108346,station_day_mean_equal_weight
2025-06-21,171.28264525993885,109,151,0.1595900439238653,station_day_mean_equal_weight
2025-06-22,169.2040350877193,95,123,0.1390922401171303,station_day_mean_equal_weight
2025-06-23,173.59435185185185,180,234,0.2635431918008785,station_day_mean_equal_weight
2025-06-24,173.59737931034482,145,203,0.212298682284041,station_day_mean_equal_weight
2025-06-25,172.32638888888889,138,194,0.2020497803806735,station_day_mean_equal_weight
2025-06-26,177.1493701996928,217,327,0.31771595900439237,station_day_mean_equal_weight
2025-06-27,174.31942446043166,139,208,0.20351390922401172,station_day_mean_equal_weight
2025-06-28,168.92857142857142,119,157,0.17423133235724744,station_day_mean_equal_weight
2025-06-29,167.05264227642277,82,109,0.12005856515373353,station_day_mean_equal_weight
2025-06-30,172.37177419354842,124,195,0.1815519765739385,station_day_mean_equal_weight
2025-07-01,177.15705128205127,104,145,0.15226939970717424,station_day_mean_equal_weight
2025-07-02,172.14295454545456,110,163,0.16105417276720352,station_day_mean_equal_weight
2025-07-03,182.32177777777778,150,202,0.21961932650073207,station_day_mean_equal_weight
2025-07-04,185.96655328798184,147,199,0.21522693997071743,station_day_mean_equal_weight
2025-07-05,189.34440203562343,131,164,0.191800878477306,station_day_mean_equal_weight
2025-07-06,188.19954954954954,74,100,0.10834553440702782,station_day_mean_equal_weight
2025-07-07,190.29486215538847,133,181,0.19472913616398244,station_day_mean_equal_weight
2025-07-08,197.47508312807884,232,363,0.3396778916544656,station_day_mean_equal_weight
2025-07-09,198.16340579710143,276,402,0.404099560761347,station_day_mean_equal_weight
2025-07-10,194.54534505208335,256,405,0.37481698389458273,station_day_mean_equal_weight
2025-07-11,192.80483660130722,255,411,0.3733528550512445,station_day_mean_equal_weight
2025-07-12,189.88433883513565,251,327,0.36749633967789164,station_day_mean_equal_weight
2025-07-13,186.9209543568465,241,340,0.3528550512445095,station_day_mean_equal_weight
2025-07-14,185.357876344086,310,447,0.4538799414348463,station_day_mean_equal_weight
2025-07-15,181.283672922252,373,566,0.5461200585651538,station_day_mean_equal_weight
2025-07-16,178.35162511542012,361,540,0.5285505124450952,station_day_mean_equal_weight
2025-07-17,174.62500457875458,364,529,0.5329428989751098,station_day_mean_equal_weight
2025-07-18,171.46833070244674,362,554,0.5300146412884333,station_day_mean_equal_weight
2025-07-19,169.4678490990991,296,359,0.4333821376281113,station_day_mean_equal_weight
2025-07-20,168.11649543378996,292,367,0.42752562225475843,station_day_mean_equal_weight
2025-07-21,166.79867886178863,328,417,0.4802342606149341,station_day_mean_equal_weight
2025-07-22,164.91946946946948,333,427,0.48755490483162517,station_day_mean_equal_weight
2025-07-23,164.32290249433106,294,379,0.43045387994143486,station_day_mean_equal_weight
2025-07-24,162.41365461847388,249,301,0.3645680819912152,station_day_mean_equal_weight
2025-07-25,161.0815873015873,210,267,0.3074670571010249,station_day_mean_equal_weight
2025-07-26,159.43516819571866,109,135,0.1595900439238653,station_day_mean_equal_weight
2025-07-27,159.03574879227054,69,88,0.10102489019033675,station_day_mean_equal_weight
2025-07-28,169.59449838187703,103,138,0.15080527086383602,station_day_mean_equal_weight
2025-07-29,171.59314516129032,124,162,0.1815519765739385,station_day_mean_equal_weight
2025-07-30,162.95920833333332,200,250,0.29282576866764276,station_day_mean_equal_weight
2025-07-31,171.09668674698796,166,197,0.2430453879941435,station_day_mean_equal_weight
2025-08-01,172.80769230769232,117,155,0.17130307467057102,station_day_mean_equal_weight
2025-08-02,176.5784946236559,93,116,0.13616398243045388,station_day_mean_equal_weight
2025-08-03,173.36464646464648,99,108,0.14494875549048317,station_day_mean_equal_weight
2025-08-04,182.72434640522877,204,245,0.2986822840409956,station_day_mean_equal_weight
2025-08-05,181.7550925925926,144,183,0.2108345534407028,station_day_mean_equal_weight
2025-08-06,184.90027253668762,159,207,0.232796486090776,station_day_mean_equal_weight
2025-08-07,190.2348484848485,264,340,0.38653001464128844,station_day_mean_equal_weight
2025-08-08,188.96355759429156,327,441,0.4787701317715959,station_day_mean_equal_weight
2025-08-09,188.82679012345682,270,412,0.3953147877013177,station_day_mean_equal_weight
2025-08-10,188.01823129251702,245,345,0.35871156661786235,station_day_mean_equal_weight
2025-08-11,183.1437264957265,390,618,0.5710102489019033,station_day_mean_equal_weight
2025-08-12,181.5970108695652,368,591,0.5387994143484627,station_day_mean_equal_weight
2025-08-13,177.96695035460993,235,394,0.3440702781844802,station_day_mean_equal_weight
2025-08-14,178.3962951496388,323,497,0.47291361639824303,station_day_mean_equal_weight
2025-08-15,176.60897867564535,297,440,0.43484626647144947,station_day_mean_equal_weight
2025-08-16,174.7008620689655,116,173,0.1698389458272328,station_day_mean_equal_weight
2025-08-17,173.93217391304347,115,192,0.1683748169838946,station_day_mean_equal_weight
2025-08-18,174.66003184713375,314,474,0.45973645680819913,station_day_mean_equal_weight
2025-08-19,173.4077619047619,350,507,0.5124450951683748,station_day_mean_equal_weight
2025-08-20,171.761,350,454,0.5124450951683748,station_day_mean_equal_weight
2025-08-21,169.44390363815143,339,451,0.49633967789165445,station_day_mean_equal_weight
2025-08-22,168.32291806958474,297,381,0.43484626647144947,station_day_mean_equal_weight
2025-08-23,167.4821138211382,123,153,0.1800878477306003,station_day_mean_equal_weight
2025-08-24,168.2460606060606,110,146,0.16105417276720352,station_day_mean_equal_weight
2025-08-25,166.5416961130742,283,361,0.4143484626647145,station_day_mean_equal_weight
2025-08-26,166.64068783068782,315,457,0.4612005856515373,station_day_mean_equal_weight
2025-08-27,166.34856630824373,186,263,0.27232796486090777,station_day_mean_equal_weight
2025-08-28,165.56910331384015,171,245,0.25036603221083453,station_day_mean_equal_weight
2025-08-29,167.42632275132274,126,184,0.18448023426061494,station_day_mean_equal_weight
2025-08-30,166.3508487654321,108,158,0.1581259150805271,station_day_mean_equal_weight
2025-08-31,172.68455882352941,68,89,0.09956076134699854,station_day_mean_equal_weight
2025-09-01,170.1891252955083,141,194,0.20644216691068815,station_day_mean_equal_weight
2025-09-02,177.70426666666665,125,168,0.18301610541727673,station_day_mean_equal_weight
2025-09-03,177.59480122324157,109,150,0.1595900439238653,station_day_mean_equal_weight
2025-09-04,180.04982817869416,97,119,0.14202049780380674,station_day_mean_equal_weight
2025-09-05,181.73412698412696,105,132,0.15373352855051245,station_day_mean_equal_weight
2025-09-06,181.34976525821597,71,94,0.10395314787701318,station_day_mean_equal_weight
2025-09-07,180.708,50,69,0.07320644216691069,station_day_mean_equal_weight
2025-09-08,185.34263565891473,129,165,0.18887262079062958,station_day_mean_equal_weight
2025-09-09,188.75324074074075,144,180,0.2108345534407028,station_day_mean_equal_weight
2025-09-10,189.06778455284555,164,229,0.24011713030746706,station_day_mean_equal_weight
2025-09-11,189.79166666666666,150,199,0.21961932650073207,station_day_mean_equal_weight
2025-09-12,189.40348258706467,134,194,0.19619326500732065,station_day_mean_equal_weight
2025-09-13,188.86888888888888,120,171,0.17569546120058566,station_day_mean_equal_weight
2025-09-14,187.78261494252874,116,193,0.1698389458272328,station_day_mean_equal_weight
2025-09-15,191.23324074074077,180,288,0.2635431918008785,station_day_mean_equal_weight
2025-09-16,196.02122328790173,283,383,0.4143484626647145,station_day_mean_equal_weight
2025-09-17,190.63687138406766,321,489,0.4699853587115666,station_day_mean_equal_weight
2025-09-18,189.32494725738397,316,476,0.46266471449487556,station_day_mean_equal_weight
2025-09-19,187.9282005637146,321,486,0.4699853587115666,station_day_mean_equal_weight
2025-09-20,185.38618504435993,263,359,0.3850658857979502,station_day_mean_equal_weight
2025-09-21,183.68246592317226,269,399,0.3938506588579795,station_day_mean_equal_weight
2025-09-22,182.11319176319176,333,500,0.48755490483162517,station_day_mean_equal_weight
2025-09-23,178.86434837092733,342,521,0.5007320644216691,station_day_mean_equal_weight
2025-09-24,179.07316141356256,349,548,0.5109809663250366,station_day_mean_equal_weight
2025-09-25,175.9841280653951,367,555,0.5373352855051244,station_day_mean_equal_weight
2025-09-26,173.1335410176532,321,454,0.4699853587115666,station_day_mean_equal_weight
2025-09-27,170.99114814814814,225,339,0.3294289897510981,station_day_mean_equal_weight
2025-09-28,170.65858585858587,165,244,0.24158125915080528,station_day_mean_equal_weight
2025-09-29,169.44923809523812,350,602,0.5124450951683748,station_day_mean_equal_weight
2025-09-30,168.23166023166021,296,440,0.4333821376281113,station_day_mean_equal_weight
2025-10-01,166.04218942189422,271,374,0.3967789165446559,station_day_mean_equal_weight
2025-10-02,166.51987577639753,161,247,0.23572474377745242,station_day_mean_equal_weight
2025-10-03,166.6897619047619,140,213,0.20497803806734993,station_day_mean_equal_weight
2025-10-04,166.9717543859649,95,145,0.1390922401171303,station_day_mean_equal_weight
2025-10-05,169.28505747126437,87,121,0.1273792093704246,station_day_mean_equal_weight
2025-10-06,167.94947916666666,96,140,0.14055636896046853,station_day_mean_equal_weight
2025-10-07,171.66884057971015,115,176,0.1683748169838946,station_day_mean_equal_weight
2025-10-08,176.97286432160803,199,301,0.2913616398243045,station_day_mean_equal_weight
2025-10-09,171.8085307017544,152,226,0.2225475841874085,station_day_mean_equal_weight
2025-10-10,175.6074935400517,129,187,0.18887262079062958,station_day_mean_equal_weight
2025-10-11,166.23699074074074,72,107,0.1054172767203514,station_day_mean_equal_weight
2025-10-12,184.74325842696632,89,115,0.13030746705710103,station_day_mean_equal_weight
2025-10-13,193.1549074074074,180,232,0.2635431918008785,station_day_mean_equal_weight
2025-10-14,188.82287090558768,173,234,0.25329428989751096,station_day_mean_equal_weight
2025-10-15,189.10373493975905,166,221,0.2430453879941435,station_day_mean_equal_weight
2025-10-16,190.7398447204969,184,289,0.26939970717423134,station_day_mean_equal_weight
2025-10-17,196.62914619883043,285,408,0.4172767203513909,station_day_mean_equal_weight
2025-10-18,196.33108289241625,270,414,0.3953147877013177,station_day_mean_equal_weight
2025-10-19,194.2390220385675,242,391,0.35431918008784774,station_day_mean_equal_weight
2025-10-20,190.2811111111111,360,567,0.527086383601757,station_day_mean_equal_weight
2025-10-21,186.3596551724138,319,476,0.4670571010248902,station_day_mean_equal_weight
2025-10-22,184.5383547008547,312,474,0.4568081991215227,station_day_mean_equal_weight
2025-10-23,184.0084177927928,296,475,0.4333821376281113,station_day_mean_equal_weight
2025-10-24,181.05839002267575,294,433,0.43045387994143486,station_day_mean_equal_weight
2025-10-25,181.417876344086,248,351,0.363103953147877,station_day_mean_equal_weight
2025-10-26,178.12132816982216,166,272,0.2430453879941435,station_day_mean_equal_weight
2025-10-27,179.12789001122337,297,436,0.43484626647144947,station_day_mean_equal_weight
2025-10-28,177.81896433470507,243,343,0.3557833089311859,station_day_mean_equal_weight
2025-10-29,177.32604216105045,301,462,0.4407027818448023,station_day_mean_equal_weight
2025-10-30,174.58776758409786,218,326,0.3191800878477306,station_day_mean_equal_weight
2025-10-31,174.67385496183206,262,358,0.383601756954612,station_day_mean_equal_weight
2025-11-01,174.26020249221185,214,276,0.31332357247437775,station_day_mean_equal_weight
2025-11-02,172.71294498381877,103,160,0.15080527086383602,station_day_mean_equal_weight
2025-11-03,172.55806878306876,252,352,0.3689604685212299,station_day_mean_equal_weight
2025-11-04,171.88455204216072,253,367,0.37042459736456806,station_day_mean_equal_weight
2025-11-05,171.07169117647058,136,204,0.19912152269399708,station_day_mean_equal_weight
2025-11-06,170.97232905982906,156,235,0.22840409956076135,station_day_mean_equal_weight
2025-11-07,175.02534435261708,121,183,0.17715959004392387,station_day_mean_equal_weight
2025-11-08,172.0445692883895,89,137,0.13030746705710103,station_day_mean_equal_weight
2025-11-09,177.28932584269663,89,150,0.13030746705710103,station_day_mean_equal_weight
2025-11-10,179.61642156862746,136,190,0.19912152269399708,station_day_mean_equal_weight
2025-11-11,177.75812146892653,118,185,0.17276720351390923,station_day_mean_equal_weight
2025-11-12,188.10709570957096,101,136,0.1478770131771596,station_day_mean_equal_weight
2025-11-13,186.65232974910396,93,126,0.13616398243045388,station_day_mean_equal_weight
2025-11-14,187.0501400560224,119,163,0.17423133235724744,station_day_mean_equal_weight
2025-11-15,187.13940677966102,118,167,0.17276720351390923,station_day_mean_equal_weight
2025-11-16,192.0969348659004,87,116,0.1273792093704246,station_day_mean_equal_weight
2025-11-17,192.0183963963964,185,249,0.2708638360175695,station_day_mean_equal_weight
2025-11-18,195.663,150,203,0.21961932650073207,station_day_mean_equal_weight
2025-11-19,195.6767258382643,169,245,0.24743777452415813,station_day_mean_equal_weight
2025-11-20,201.55356122448978,350,565,0.5124450951683748,station_day_mean_equal_weight
2025-11-21,198.3455938852814,352,682,0.5153733528550513,station_day_mean_equal_weight
2025-11-22,195.59830022075056,302,433,0.44216691068814057,station_day_mean_equal_weight
2025-11-23,193.4874521072797,174,271,0.2547584187408492,station_day_mean_equal_weight
2025-11-24,191.1267690875233,358,622,0.5241581259150805,station_day_mean_equal_weight
2025-11-25,188.78965355805244,356,551,0.5212298682284041,station_day_mean_equal_weight
2025-11-26,183.5720173160173,385,721,0.5636896046852123,station_day_mean_equal_weight
2025-11-27,179.91911005018974,389,719,0.5695461200585652,station_day_mean_equal_weight
2025-11-28,177.16972532085884,397,684,0.5812591508052709,station_day_mean_equal_weight
2025-11-29,174.99415548098435,298,386,0.4363103953147877,station_day_mean_equal_weight
2025-11-30,173.33300865800865,154,238,0.22547584187408493,station_day_mean_equal_weight
2025-12-01,173.17213675213674,390,595,0.5710102489019033,station_day_mean_equal_weight
2025-12-02,170.14979919678717,415,762,0.6076134699853587,station_day_mean_equal_weight
2025-12-03,169.15777594274704,346,536,0.5065885797950219,station_day_mean_equal_weight
2025-12-04,174.53882235528943,167,226,0.2445095168374817,station_day_mean_equal_weight
2025-12-05,175.0919896640827,129,173,0.18887262079062958,station_day_mean_equal_weight
2025-12-06,175.05277777777778,90,126,0.13177159590043924,station_day_mean_equal_weight
2025-12-07,189.25214067278287,109,135,0.1595900439238653,station_day_mean_equal_weight
2025-12-08,182.37768253968252,105,144,0.15373352855051245,station_day_mean_equal_weight
2025-12-09,187.0567901234568,108,135,0.1581259150805271,station_day_mean_equal_weight
2025-12-10,190.13280423280423,126,158,0.18448023426061494,station_day_mean_equal_weight
2025-12-11,194.71790890269153,161,215,0.23572474377745242,station_day_mean_equal_weight
2025-12-12,193.3413043478261,138,202,0.2020497803806735,station_day_mean_equal_weight
2025-12-13,191.33196517412935,134,184,0.19619326500732065,station_day_mean_equal_weight
2025-12-14,194.29312714776634,97,137,0.14202049780380674,station_day_mean_equal_weight
2025-12-15,196.1772861356932,113,161,0.16544655929721816,station_day_mean_equal_weight
2025-12-16,195.55100352733686,135,214,0.19765739385065886,station_day_mean_equal_weight
2025-12-17,199.7668970814132,217,315,0.31771595900439237,station_day_mean_equal_weight
2025-12-18,203.63502164502165,308,485,0.45095168374816985,station_day_mean_equal_weight
2025-12-19,199.36731150793653,336,540,0.49194729136163984,station_day_mean_equal_weight
2025-12-20,195.6577057613169,324,500,0.4743777452415813,station_day_mean_equal_weight
2025-12-21,191.73055555555558,216,375,0.3162518301610542,station_day_mean_equal_weight
2025-12-22,190.22162968729728,367,641,0.5373352855051244,station_day_mean_equal_weight
2025-12-23,185.73793859649123,380,639,0.5563689604685212,station_day_mean_equal_weight
2025-12-24,183.84677419354838,372,640,0.5446559297218155,station_day_mean_equal_weight
2025-12-25,183.134753968254,300,498,0.43923865300146414,station_day_mean_equal_weight
2025-12-26,179.62893949850474,207,417,0.30307467057101023,station_day_mean_equal_weight
2025-12-27,179.83691143123917,357,609,0.5226939970717424,station_day_mean_equal_weight
2025-12-28,179.13949802851076,314,551,0.45973645680819913,station_day_mean_equal_weight
2025-12-29,176.43328792007267,367,672,0.5373352855051244,station_day_mean_equal_weight
2025-12-30,173.93944610778445,334,530,0.4890190336749634,station_day_mean_equal_weight
2025-12-31,172.12277848012363,339,541,0.49633967789165445,station_day_mean_equal_weight
2026-01-01,171.81413285158422,257,428,0.3762811127379209,station_day_mean_equal_weight
2026-01-02,169.2057632398754,321,477,0.4699853587115666,station_day_mean_equal_weight
2026-01-03,168.63468834688345,246,403,0.3601756954612006,station_day_mean_equal_weight
2026-01-04,167.03492063492064,252,437,0.3689604685212299,station_day_mean_equal_weight
2026-01-05,164.94314549349153,289,485,0.42313323572474376,station_day_mean_equal_weight
2026-01-06,163.21768953068593,277,446,0.4055636896046852,station_day_mean_equal_weight
2026-01-07,162.52549947423765,317,543,0.46412884333821375,station_day_mean_equal_weight
2026-01-08,160.20718711276334,269,430,0.3938506588579795,station_day_mean_equal_weight
2026-01-09,160.81599747474746,264,445,0.38653001464128844,station_day_mean_equal_weight
2026-01-10,158.9319526627219,169,297,0.24743777452415813,station_day_mean_equal_weight
2026-01-11,159.98020933977458,207,324,0.30307467057101023,station_day_mean_equal_weight
2026-01-12,163.6751557632399,214,352,0.31332357247437775,station_day_mean_equal_weight
2026-01-13,160.62150837988827,179,290,0.26207906295754024,station_day_mean_equal_weight
2026-01-14,164.24013333333332,125,197,0.18301610541727673,station_day_mean_equal_weight
2026-01-15,166.24666666666667,145,225,0.212298682284041,station_day_mean_equal_weight
2026-01-16,168.80663580246915,108,170,0.1581259150805271,station_day_mean_equal_weight
2026-01-17,166.753300330033,101,143,0.1478770131771596,station_day_mean_equal_weight
2026-01-18,175.6285140562249,83,139,0.12152269399707175,station_day_mean_equal_weight
2026-01-19,176.047,100,144,0.14641288433382138,station_day_mean_equal_weight
2026-01-20,175.52651515151516,110,151,0.16105417276720352,station_day_mean_equal_weight
2026-01-21,180.74697802197804,182,253,0.2664714494875549,station_day_mean_equal_weight
2026-01-22,184.4623042505593,149,200,0.21815519765739386,station_day_mean_equal_weight
2026-01-23,180.56630170316302,137,187,0.2005856515373353,station_day_mean_equal_weight
2026-01-24,183.04114114114114,111,146,0.16251830161054173,station_day_mean_equal_weight
2026-01-25,181.18087719298248,95,129,0.1390922401171303,station_day_mean_equal_weight
2026-01-26,184.06190476190477,91,123,0.13323572474377746,station_day_mean_equal_weight
2026-01-27,187.78896713615023,284,384,0.4158125915080527,station_day_mean_equal_weight
2026-01-28,187.88192056905748,241,438,0.3528550512445095,station_day_mean_equal_weight
2026-01-29,184.82483477376715,281,448,0.41142020497803805,station_day_mean_equal_weight
2026-01-30,180.7030994447249,283,483,0.4143484626647145,station_day_mean_equal_weight
2026-01-31,178.7072759538598,161,271,0.23572474377745242,station_day_mean_equal_weight
2026-02-01,178.30749019607845,170,314,0.24890190336749635,station_day_mean_equal_weight
2026-02-02,178.79375600384247,347,544,0.5080527086383602,station_day_mean_equal_weight
2026-02-03,174.6982269503546,235,409,0.3440702781844802,station_day_mean_equal_weight
2026-02-04,173.23901826484018,365,631,0.5344070278184481,station_day_mean_equal_weight
2026-02-05,168.69993860008188,349,666,0.5109809663250366,station_day_mean_equal_weight
2026-02-06,165.2591532639546,302,538,0.44216691068814057,station_day_mean_equal_weight
2026-02-07,164.37837546541252,243,424,0.3557833089311859,station_day_mean_equal_weight
2026-02-08,163.06756550009564,249,428,0.3645680819912152,station_day_mean_equal_weight
2026-02-09,160.9583300537846,363,678,0.5314787701317716,station_day_mean_equal_weight
2026-02-10,159.38259132420092,292,476,0.42752562225475843,station_day_mean_equal_weight
2026-02-11,159.3037878787879,165,270,0.24158125915080528,station_day_mean_equal_weight
2026-02-12,157.95289351851852,144,226,0.2108345534407028,station_day_mean_equal_weight
2026-02-13,159.0326811594203,115,181,0.1683748169838946,station_day_mean_equal_weight
2026-02-14,156.84764150943397,106,160,0.15519765739385066,station_day_mean_equal_weight
2026-02-15,156.26493055555557,96,178,0.14055636896046853,station_day_mean_equal_weight
2026-02-16,157.61629901960782,136,212,0.19912152269399708,station_day_mean_equal_weight
2026-02-17,155.45125164690384,253,337,0.37042459736456806,station_day_mean_equal_weight
2026-02-18,163.72222222222223,120,169,0.17569546120058566,station_day_mean_equal_weight
2026-02-19,167.51309523809525,112,156,0.16398243045387995,station_day_mean_equal_weight
2026-02-20,165.9461685823755,87,139,0.1273792093704246,station_day_mean_equal_weight
2026-02-21,161.88191489361702,47,86,0.06881405563689605,station_day_mean_equal_weight
2026-02-22,167.96,45,76,0.06588579795021962,station_day_mean_equal_weight
2026-02-23,176.31436781609196,116,160,0.1698389458272328,station_day_mean_equal_weight
2026-02-24,179.664625,80,116,0.1171303074670571,station_day_mean_equal_weight
2026-02-25,176.78655913978494,124,175,0.1815519765739385,station_day_mean_equal_weight
2026-02-26,180.09958702064898,113,157,0.16544655929721816,station_day_mean_equal_weight
2026-02-27,187.26458333333335,144,187,0.2108345534407028,station_day_mean_equal_weight
2026-02-28,185.58531746031747,84,102,0.12298682284040996,station_day_mean_equal_weight
2026-03-01,192.06137566137565,126,153,0.18448023426061494,station_day_mean_equal_weight
2026-03-02,190.0804648526077,210,305,0.3074670571010249,station_day_mean_equal_weight
2026-03-03,209.12271470160118,458,594,0.6705710102489019,station_day_mean_equal_weight
2026-03-04,204.699995431704,199,306,0.2913616398243045,station_day_mean_equal_weight
2026-03-05,208.34405594405595,143,178,0.20937042459736457,station_day_mean_equal_weight
2026-03-06,213.30598526703497,181,219,0.26500732064421667,station_day_mean_equal_weight
2026-03-07,213.11455696202532,79,95,0.11566617862371889,station_day_mean_equal_weight
2026-03-08,213.47346938775513,49,63,0.07174231332357248,station_day_mean_equal_weight
2026-03-09,216.08800000000002,80,122,0.1171303074670571,station_day_mean_equal_weight
2026-03-10,217.09551282051282,130,161,0.1903367496339678,station_day_mean_equal_weight
2026-03-11,218.47916666666669,118,148,0.17276720351390923,station_day_mean_equal_weight
2026-03-12,220.1367886178862,82,101,0.12005856515373353,station_day_mean_equal_weight
2026-03-13,227.70221951219514,205,253,0.3001464128843338,station_day_mean_equal_weight
2026-03-14,229.1216530612245,350,382,0.5124450951683748,station_day_mean_equal_weight
2026-03-15,227.37385620915035,51,64,0.0746705710102489,station_day_mean_equal_weight
2026-03-16,230.51872146118725,73,90,0.10688140556368961,station_day_mean_equal_weight
2026-03-17,231.76929824561404,76,90,0.11127379209370425,station_day_mean_equal_weight
2026-03-18,239.90765873015872,168,227,0.24597364568081992,station_day_mean_equal_weight
2026-03-19,239.67385964912282,437,511,0.6398243045387995,station_day_mean_equal_weight
2026-03-20,244.68265895953758,173,224,0.25329428989751096,station_day_mean_equal_weight
2026-03-21,245.6807347670251,186,277,0.27232796486090777,station_day_mean_equal_weight
2026-03-22,242.95092592592593,72,82,0.1054172767203514,station_day_mean_equal_weight
2026-03-23,248.56433566433563,286,327,0.41874084919472915,station_day_mean_equal_weight
2026-03-24,249.90578231292517,196,247,0.2869692532942899,station_day_mean_equal_weight
2026-03-25,252.1392857142857,112,131,0.16398243045387995,station_day_mean_equal_weight
2026-03-26,253.02789077212807,177,271,0.2591508052708638,station_day_mean_equal_weight
2026-03-27,254.05736788617887,328,415,0.4802342606149341,station_day_mean_equal_weight
2026-03-28,257.36910430839004,294,335,0.43045387994143486,station_day_mean_equal_weight
2026-03-29,258.02989766081873,228,256,0.33382137628111275,station_day_mean_equal_weight
2026-03-30,257.23182795698926,155,210,0.22693997071742314,station_day_mean_equal_weight
2026-03-31,253.0964358974359,130,169,0.1903367496339678,station_day_mean_equal_weight
2025-04-01,175.7,225,301,0.3294289897510981,station_day_median
2025-04-02,175.9,177,246,0.2591508052708638,station_day_median
2025-04-03,175.9,279,349,0.4084919472913616,station_day_median
2025-04-04,174.7,258,336,0.37774524158125916,station_day_median
2025-04-05,172.9,240,273,0.3513909224011713,station_day_median
2025-04-06,169.9,108,134,0.1581259150805271,station_day_median
2025-04-07,170.9,269,321,0.3938506588579795,station_day_median
2025-04-08,167.9,264,343,0.38653001464128844,station_day_median
2025-04-09,167.9,228,296,0.33382137628111275,station_day_median
2025-04-10,165.9,200,250,0.29282576866764276,station_day_median
2025-04-11,165.9,274,333,0.4011713030746706,station_day_median
2025-04-12,164.9,223,256,0.32650073206442165,station_day_median
2025-04-13,162.7,85,103,0.12445095168374817,station_day_median
2025-04-14,163.5,164,208,0.24011713030746706,station_day_median
2025-04-15,161.9,254,313,0.3718887262079063,station_day_median
2025-04-16,159.9,204,262,0.2986822840409956,station_day_median
2025-04-17,159.9,135,186,0.19765739385065886,station_day_median
2025-04-18,159.9,92,115,0.13469985358711567,station_day_median
2025-04-19,158.2,60,71,0.08784773060029283,station_day_median
2025-04-20,159.9,84,102,0.12298682284040996,station_day_median
2025-04-21,162.9,69,89,0.10102489019033675,station_day_median
2025-04-22,161.9,101,135,0.1478770131771596,station_day_median
2025-04-23,159.9,108,146,0.1581259150805271,station_day_median
2025-04-24,195.8,163,245,0.23865300146412885,station_day_median
2025-04-25,178.7,121,157,0.17715959004392387,station_day_median
2025-04-26,160.7,108,153,0.1581259150805271,station_day_median
2025-04-27,188.5,84,101,0.12298682284040996,station_day_median
2025-04-28,199.7,140,196,0.20497803806734993,station_day_median
2025-04-29,189.9,125,163,0.18301610541727673,station_day_median
2025-04-30,196.9,157,197,0.22986822840409957,station_day_median
2025-05-01,199.9,265,352,0.38799414348462663,station_day_median
2025-05-02,197.9,290,383,0.424597364568082,station_day_median
2025-05-03,196.9,262,352,0.383601756954612,station_day_median
2025-05-04,188.4,132,187,0.19326500732064422,station_day_median
2025-05-05,189.9,377,556,0.5519765739385066,station_day_median
2025-05-06,187.9,349,505,0.5109809663250366,station_day_median
2025-05-07,183.9,313,410,0.4582723279648609,station_day_median
2025-05-08,179.9,320,425,0.4685212298682284,station_day_median
2025-05-09,179.9,306,389,0.4480234260614934,station_day_median
2025-05-10,176.9,236,296,0.34553440702781846,station_day_median
2025-05-11,174.9,324,459,0.4743777452415813,station_day_median
2025-05-12,172.9,359,472,0.5256222547584187,station_day_median
2025-05-13,169.5,380,634,0.5563689604685212,station_day_median
2025-05-14,165.9,377,591,0.5519765739385066,station_day_median
2025-05-15,163.15,372,568,0.5446559297218155,station_day_median
2025-05-16,161.9,321,484,0.4699853587115666,station_day_median
2025-05-17,161.9,256,309,0.37481698389458273,station_day_median
2025-05-18,160.9,143,193,0.20937042459736457,station_day_median
2025-05-19,158.15,312,413,0.4568081991215227,station_day_median
2025-05-20,157.2,290,384,0.424597364568082,station_day_median
2025-05-21,155.9,252,320,0.3689604685212299,station_day_median
2025-05-22,155.9,152,198,0.2225475841874085,station_day_median
2025-05-23,155.9,104,141,0.15226939970717424,station_day_median
2025-05-24,154.9,89,127,0.13030746705710103,station_day_median
2025-05-25,156.9,59,80,0.08638360175695461,station_day_median
2025-05-26,156.8,80,106,0.1171303074670571,station_day_median
2025-05-27,155.9,81,115,0.11859443631039532,station_day_median
2025-05-28,157.4,79,99,0.11566617862371889,station_day_median
2025-05-29,156.4,86,113,0.1259150805270864,station_day_median
2025-05-30,154.4,60,85,0.08784773060029283,station_day_median
2025-05-31,153.45,64,105,0.09370424597364568,station_day_median
2025-06-01,154.65,48,62,0.07027818448023426,station_day_median
2025-06-02,159.9,98,132,0.14348462664714495,station_day_median
2025-06-03,179.9,129,189,0.18887262079062958,station_day_median
2025-06-04,199.7,155,215,0.22693997071742314,station_day_median
2025-06-05,177.9,124,165,0.1815519765739385,station_day_median
2025-06-06,191.9,146,190,0.21376281112737922,station_day_median
2025-06-07,179.8,104,139,0.15226939970717424,station_day_median
2025-06-08,179.9,79,113,0.11566617862371889,station_day_median
2025-06-09,189.8,81,123,0.11859443631039532,station_day_median
2025-06-10,199.9,305,387,0.4465592972181552,station_day_median
2025-06-11,189.9,309,474,0.45241581259150804,station_day_median
2025-06-12,189.9,324,477,0.4743777452415813,station_day_median
2025-06-13,186.9,312,491,0.4568081991215227,station_day_median
2025-06-14,185.7,271,381,0.3967789165446559,station_day_median
2025-06-15,183.9,294,406,0.43045387994143486,station_day_median
2025-06-16,179.9,329,450,0.4816983894582723,station_day_median
2025-06-17,177.9,303,442,0.44363103953147875,station_day_median
2025-06-18,175.9,332,500,0.486090775988287,station_day_median
2025-06-19,173.9,274,411,0.4011713030746706,station_day_median
2025-06-20,171.9,222,324,0.32503660322108346,station_day_median
2025-06-21,169.9,109,151,0.1595900439238653,station_day_median
2025-06-22,168.5,95,123,0.1390922401171303,station_day_median
2025-06-23,168.9,180,234,0.2635431918008785,station_day_median
2025-06-24,169.9,145,203,0.212298682284041,station_day_median
2025-06-25,168.15,138,194,0.2020497803806735,station_day_median
2025-06-26,169.9,217,327,0.31771595900439237,station_day_median
2025-06-27,166.9,139,208,0.20351390922401172,station_day_median
2025-06-28,165.9,119,157,0.17423133235724744,station_day_median
2025-06-29,164.2,82,109,0.12005856515373353,station_day_median
2025-06-30,163.9,124,195,0.1815519765739385,station_day_median
2025-07-01,166.8,104,145,0.15226939970717424,station_day_median
2025-07-02,163.9,110,163,0.16105417276720352,station_day_median
2025-07-03,166.9,150,202,0.21961932650073207,station_day_median
2025-07-04,173.9,147,199,0.21522693997071743,station_day_median
2025-07-05,189.9,131,164,0.191800878477306,station_day_median
2025-07-06,176.8,74,100,0.10834553440702782,station_day_median
2025-07-07,195.9,133,181,0.19472913616398244,station_day_median
2025-07-08,202.9,232,363,0.3396778916544656,station_day_median
2025-07-09,199.9,276,402,0.404099560761347,station_day_median
2025-07-10,195.7,256,405,0.37481698389458273,station_day_median
2025-07-11,192.5,255,411,0.3733528550512445,station_day_median
2025-07-12,189.9,251,327,0.36749633967789164,station_day_median
2025-07-13,187.9,241,340,0.3528550512445095,station_day_median
2025-07-14,184.9,310,447,0.4538799414348463,station_day_median
2025-07-15,180.9,373,566,0.5461200585651538,station_day_median
2025-07-16,177.9,361,540,0.5285505124450952,station_day_median
2025-07-17,172.9,364,529,0.5329428989751098,station_day_median
2025-07-18,167.9,362,554,0.5300146412884333,station_day_median
2025-07-19,166.9,296,359,0.4333821376281113,station_day_median
2025-07-20,165.9,292,367,0.42752562225475843,station_day_median
2025-07-21,163.9,328,417,0.4802342606149341,station_day_median
2025-07-22,161.9,333,427,0.48755490483162517,station_day_median
2025-07-23,161.9,294,379,0.43045387994143486,station_day_median
2025-07-24,159.9,249,301,0.3645680819912152,station_day_median
2025-07-25,159.9,210,267,0.3074670571010249,station_day_median
2025-07-26,156.9,109,135,0.1595900439238653,station_day_median
2025-07-27,156.9,69,88,0.10102489019033675,station_day_median
2025-07-28,159.9,103,138,0.15080527086383602,station_day_median
2025-07-29,157.9,124,162,0.1815519765739385,station_day_median
2025-07-30,155.9,200,250,0.29282576866764276,station_day_median
2025-07-31,157.9,166,197,0.2430453879941435,station_day_median
2025-08-01,158.9,117,155,0.17130307467057102,station_day_median
2025-08-02,165.9,93,116,0.13616398243045388,station_day_median
2025-08-03,161.9,99,108,0.14494875549048317,station_day_median
2025-08-04,189.9,204,245,0.2986822840409956,station_day_median
2025-08-05,184.9,144,183,0.2108345534407028,station_day_median
2025-08-06,187.9,159,207,0.232796486090776,station_day_median
2025-08-07,189.9,264,340,0.38653001464128844,station_day_median
2025-08-08,189.9,327,441,0.4787701317715959,station_day_median
2025-08-09,191.9,270,412,0.3953147877013177,station_day_median
2025-08-10,191.9,245,345,0.35871156661786235,station_day_median
2025-08-11,184.9,390,618,0.5710102489019033,station_day_median
2025-08-12,184.8,368,591,0.5387994143484627,station_day_median
2025-08-13,176.9,235,394,0.3440702781844802,station_day_median
2025-08-14,181.5,323,497,0.47291361639824303,station_day_median
2025-08-15,179.9,297,440,0.43484626647144947,station_day_median
2025-08-16,177.7,116,173,0.1698389458272328,station_day_median
2025-08-17,173.9,115,192,0.1683748169838946,station_day_median
2025-08-18,176.9,314,474,0.45973645680819913,station_day_median
2025-08-19,175.9,350,507,0.5124450951683748,station_day_median
2025-08-20,173.9,350,454,0.5124450951683748,station_day_median
2025-08-21,171.7,339,451,0.49633967789165445,station_day_median
2025-08-22,169.9,297,381,0.43484626647144947,station_day_median
2025-08-23,167.9,123,153,0.1800878477306003,station_day_median
2025-08-24,169.9,110,146,0.16105417276720352,station_day_median
2025-08-25,168.9,283,361,0.4143484626647145,station_day_median
2025-08-26,166.9,315,457,0.4612005856515373,station_day_median
2025-08-27,165.45,186,263,0.27232796486090777,station_day_median
2025-08-28,163.9,171,245,0.25036603221083453,station_day_median
2025-08-29,165.55,126,184,0.18448023426061494,station_day_median
2025-08-30,165.9,108,158,0.1581259150805271,station_day_median
2025-08-31,165.9,68,89,0.09956076134699854,station_day_median
2025-09-01,163.9,141,194,0.20644216691068815,station_day_median
2025-09-02,166.9,125,168,0.18301610541727673,station_day_median
2025-09-03,165.9,109,150,0.1595900439238653,station_day_median
2025-09-04,166.9,97,119,0.14202049780380674,station_day_median
2025-09-05,167.9,105,132,0.15373352855051245,station_day_median
2025-09-06,166.9,71,94,0.10395314787701318,station_day_median
2025-09-07,178.9,50,69,0.07320644216691069,station_day_median
2025-09-08,178.9,129,165,0.18887262079062958,station_day_median
2025-09-09,190.3,144,180,0.2108345534407028,station_day_median
2025-09-10,194.9,164,229,0.24011713030746706,station_day_median
2025-09-11,189.9,150,199,0.21961932650073207,station_day_median
2025-09-12,191.9,134,194,0.19619326500732065,station_day_median
2025-09-13,189.7,120,171,0.17569546120058566,station_day_median
2025-09-14,187.6,116,193,0.1698389458272328,station_day_median
2025-09-15,189.9,180,288,0.2635431918008785,station_day_median
2025-09-16,196.9,283,383,0.4143484626647145,station_day_median
2025-09-17,189.9,321,489,0.4699853587115666,station_day_median
2025-09-18,189.4,316,476,0.46266471449487556,station_day_median
2025-09-19,185.9,321,486,0.4699853587115666,station_day_median
2025-09-20,184.9,263,359,0.3850658857979502,station_day_median
2025-09-21,182.9,269,399,0.3938506588579795,station_day_median
2025-09-22,179.9,333,500,0.48755490483162517,station_day_median
2025-09-23,177.9,342,521,0.5007320644216691,station_day_median
2025-09-24,179.9,349,548,0.5109809663250366,station_day_median
2025-09-25,176.9,367,555,0.5373352855051244,station_day_median
2025-09-26,174.5,321,454,0.4699853587115666,station_day_median
2025-09-27,170.9,225,339,0.3294289897510981,station_day_median
2025-09-28,170.9,165,244,0.24158125915080528,station_day_median
2025-09-29,170.6,350,602,0.5124450951683748,station_day_median
2025-09-30,169.8,296,440,0.4333821376281113,station_day_median
2025-10-01,165.5,271,374,0.3967789165446559,station_day_median
2025-10-02,165.9,161,247,0.23572474377745242,station_day_median
2025-10-03,164.9,140,213,0.20497803806734993,station_day_median
2025-10-04,164.9,95,145,0.1390922401171303,station_day_median
2025-10-05,166.9,87,121,0.1273792093704246,station_day_median
2025-10-06,165.9,96,140,0.14055636896046853,station_day_median
2025-10-07,165.9,115,176,0.1683748169838946,station_day_median
2025-10-08,166.9,199,301,0.2913616398243045,station_day_median
2025-10-09,160.2,152,226,0.2225475841874085,station_day_median
2025-10-10,162.9,129,187,0.18887262079062958,station_day_median
2025-10-11,158.9,72,107,0.1054172767203514,station_day_median
2025-10-12,199.9,89,115,0.13030746705710103,station_day_median
2025-10-13,202.3,180,232,0.2635431918008785,station_day_median
2025-10-14,197.9,173,234,0.25329428989751096,station_day_median
2025-10-15,195.6,166,221,0.2430453879941435,station_day_median
2025-10-16,190.9,184,289,0.26939970717423134,station_day_median
2025-10-17,199.9,285,408,0.4172767203513909,station_day_median
2025-10-18,199.9,270,414,0.3953147877013177,station_day_median
2025-10-19,198.8,242,391,0.35431918008784774,station_day_median
2025-10-20,191.9,360,567,0.527086383601757,station_day_median
2025-10-21,188.9,319,476,0.4670571010248902,station_day_median
2025-10-22,187.9,312,474,0.4568081991215227,station_day_median
2025-10-23,185.9,296,475,0.4333821376281113,station_day_median
2025-10-24,183.3,294,433,0.43045387994143486,station_day_median
2025-10-25,187.9,248,351,0.363103953147877,station_day_median
2025-10-26,177.9,166,272,0.2430453879941435,station_day_median
2025-10-27,179.9,297,436,0.43484626647144947,station_day_median
2025-10-28,178.9,243,343,0.3557833089311859,station_day_median
2025-10-29,178.9,301,462,0.4407027818448023,station_day_median
2025-10-30,173.9,218,326,0.3191800878477306,station_day_median
2025-10-31,174.9,262,358,0.383601756954612,station_day_median
2025-11-01,177.3,214,276,0.31332357247437775,station_day_median
2025-11-02,171.9,103,160,0.15080527086383602,station_day_median
2025-11-03,173.9,252,352,0.3689604685212299,station_day_median
2025-11-04,173.9,253,367,0.37042459736456806,station_day_median
2025-11-05,169.9,136,204,0.19912152269399708,station_day_median
2025-11-06,169.9,156,235,0.22840409956076135,station_day_median
2025-11-07,169.9,121,183,0.17715959004392387,station_day_median
2025-11-08,168.9,89,137,0.13030746705710103,station_day_median
2025-11-09,169.9,89,150,0.13030746705710103,station_day_median
2025-11-10,170.9,136,190,0.19912152269399708,station_day_median
2025-11-11,165.9,118,185,0.17276720351390923,station_day_median
2025-11-12,174.9,101,136,0.1478770131771596,station_day_median
2025-11-13,178.9,93,126,0.13616398243045388,station_day_median
2025-11-14,173.9,119,163,0.17423133235724744,station_day_median
2025-11-15,199.5,118,167,0.17276720351390923,station_day_median
2025-11-16,192.5,87,116,0.1273792093704246,station_day_median
2025-11-17,189.9,185,249,0.2708638360175695,station_day_median
2025-11-18,198.9,150,203,0.21961932650073207,station_day_median
2025-11-19,198.9,169,245,0.24743777452415813,station_day_median
2025-11-20,204.9,350,565,0.5124450951683748,station_day_median
2025-11-21,199.9,352,682,0.5153733528550513,station_day_median
2025-11-22,197.9,302,433,0.44216691068814057,station_day_median
2025-11-23,195.7,174,271,0.2547584187408492,station_day_median
2025-11-24,191.9,358,622,0.5241581259150805,station_day_median
2025-11-25,190.9,356,551,0.5212298682284041,station_day_median
2025-11-26,184.9,385,721,0.5636896046852123,station_day_median
2025-11-27,180.9,389,719,0.5695461200585652,station_day_median
2025-11-28,177.9,397,684,0.5812591508052709,station_day_median
2025-11-29,175.9,298,386,0.4363103953147877,station_day_median
2025-11-30,173.9,154,238,0.22547584187408493,station_day_median
2025-12-01,172.9,390,595,0.5710102489019033,station_day_median
2025-12-02,169.9,415,762,0.6076134699853587,station_day_median
2025-12-03,167.9,346,536,0.5065885797950219,station_day_median
2025-12-04,167.9,167,226,0.2445095168374817,station_day_median
2025-12-05,166.9,129,173,0.18887262079062958,station_day_median
2025-12-06,165.9,90,126,0.13177159590043924,station_day_median
2025-12-07,199.9,109,135,0.1595900439238653,station_day_median
2025-12-08,167.9,105,144,0.15373352855051245,station_day_median
2025-12-09,172.9,108,135,0.1581259150805271,station_day_median
2025-12-10,195.9,126,158,0.18448023426061494,station_day_median
2025-12-11,199.9,161,215,0.23572474377745242,station_day_median
2025-12-12,199.75,138,202,0.2020497803806735,station_day_median
2025-12-13,191.8,134,184,0.19619326500732065,station_day_median
2025-12-14,199.5,97,137,0.14202049780380674,station_day_median
2025-12-15,201.9,113,161,0.16544655929721816,station_day_median
2025-12-16,199.7,135,214,0.19765739385065886,station_day_median
2025-12-17,203.9,217,315,0.31771595900439237,station_day_median
2025-12-18,207.9,308,485,0.45095168374816985,station_day_median
2025-12-19,199.9,336,540,0.49194729136163984,station_day_median
2025-12-20,195.9,324,500,0.4743777452415813,station_day_median
2025-12-21,193.9,216,375,0.3162518301610542,station_day_median
2025-12-22,191.9,367,641,0.5373352855051244,station_day_median
2025-12-23,187.9,380,639,0.5563689604685212,station_day_median
2025-12-24,184.9,372,640,0.5446559297218155,station_day_median
2025-12-25,182.7,300,498,0.43923865300146414,station_day_median
2025-12-26,178.8,207,417,0.30307467057101023,station_day_median
2025-12-27,177.9,357,609,0.5226939970717424,station_day_median
2025-12-28,177.9,314,551,0.45973645680819913,station_day_median
2025-12-29,174.9,367,672,0.5373352855051244,station_day_median
2025-12-30,172.9,334,530,0.4890190336749634,station_day_median
2025-12-31,171.9,339,541,0.49633967789165445,station_day_median
2026-01-01,170.9,257,428,0.3762811127379209,station_day_median
2026-01-02,167.9,321,477,0.4699853587115666,station_day_median
2026-01-03,167.9,246,403,0.3601756954612006,station_day_median
2026-01-04,167.7,252,437,0.3689604685212299,station_day_median
2026-01-05,164.9,289,485,0.42313323572474376,station_day_median
2026-01-06,162.9,277,446,0.4055636896046852,station_day_median
2026-01-07,161.9,317,543,0.46412884333821375,station_day_median
2026-01-08,160.8,269,430,0.3938506588579795,station_day_median
2026-01-09,159.9,264,445,0.38653001464128844,station_day_median
2026-01-10,159.9,169,297,0.24743777452415813,station_day_median
2026-01-11,159.9,207,324,0.30307467057101023,station_day_median
2026-01-12,159.6,214,352,0.31332357247437775,station_day_median
2026-01-13,157.9,179,290,0.26207906295754024,station_day_median
2026-01-14,157.9,125,197,0.18301610541727673,station_day_median
2026-01-15,157.9,145,225,0.212298682284041,station_day_median
2026-01-16,158.4,108,170,0.1581259150805271,station_day_median
2026-01-17,158.5,101,143,0.1478770131771596,station_day_median
2026-01-18,162.9,83,139,0.12152269399707175,station_day_median
2026-01-19,159.9,100,144,0.14641288433382138,station_day_median
2026-01-20,162.9,110,151,0.16105417276720352,station_day_median
2026-01-21,189.9,182,253,0.2664714494875549,station_day_median
2026-01-22,189.9,149,200,0.21815519765739386,station_day_median
2026-01-23,182.9,137,187,0.2005856515373353,station_day_median
2026-01-24,188.9,111,146,0.16251830161054173,station_day_median
2026-01-25,186.7,95,129,0.1390922401171303,station_day_median
2026-01-26,187.9,91,123,0.13323572474377746,station_day_median
2026-01-27,189.9,284,384,0.4158125915080527,station_day_median
2026-01-28,189.9,241,438,0.3528550512445095,station_day_median
2026-01-29,188.9,281,448,0.41142020497803805,station_day_median
2026-01-30,183.9,283,483,0.4143484626647145,station_day_median
2026-01-31,181.9,161,271,0.23572474377745242,station_day_median
2026-02-01,181.9,170,314,0.24890190336749635,station_day_median
2026-02-02,181.9,347,544,0.5080527086383602,station_day_median
2026-02-03,174.9,235,409,0.3440702781844802,station_day_median
2026-02-04,175.9,365,631,0.5344070278184481,station_day_median
2026-02-05,170.9,349,666,0.5109809663250366,station_day_median
2026-02-06,166.4,302,538,0.44216691068814057,station_day_median
2026-02-07,165.9,243,424,0.3557833089311859,station_day_median
2026-02-08,164.9,249,428,0.3645680819912152,station_day_median
2026-02-09,160.9,363,678,0.5314787701317716,station_day_median
2026-02-10,159.9,292,476,0.42752562225475843,station_day_median
2026-02-11,157.9,165,270,0.24158125915080528,station_day_median
2026-02-12,155.9,144,226,0.2108345534407028,station_day_median
2026-02-13,155.9,115,181,0.1683748169838946,station_day_median
2026-02-14,155.9,106,160,0.15519765739385066,station_day_median
2026-02-15,154.9,96,178,0.14055636896046853,station_day_median
2026-02-16,154.9,136,212,0.19912152269399708,station_day_median
2026-02-17,153.9,253,337,0.37042459736456806,station_day_median
2026-02-18,154.9,120,169,0.17569546120058566,station_day_median
2026-02-19,154.4,112,156,0.16398243045387995,station_day_median
2026-02-20,154.9,87,139,0.1273792093704246,station_day_median
2026-02-21,153.9,47,86,0.06881405563689605,station_day_median
2026-02-22,154.9,45,76,0.06588579795021962,station_day_median
2026-02-23,155.9,116,160,0.1698389458272328,station_day_median
2026-02-24,173.9,80,116,0.1171303074670571,station_day_median
2026-02-25,165.9,124,175,0.1815519765739385,station_day_median
2026-02-26,172.7,113,157,0.16544655929721816,station_day_median
2026-02-27,198.2,144,187,0.2108345534407028,station_day_median
2026-02-28,189.9,84,102,0.12298682284040996,station_day_median
2026-03-01,199.9,126,153,0.18448023426061494,station_day_median
2026-03-02,193.85000000000002,210,305,0.3074670571010249,station_day_median
2026-03-03,219.9,458,594,0.6705710102489019,station_day_median
2026-03-04,207.9,199,306,0.2913616398243045,station_day_median
2026-03-05,209.9,143,178,0.20937042459736457,station_day_median
2026-03-06,214.9,181,219,0.26500732064421667,station_day_median
2026-03-07,214.7,79,95,0.11566617862371889,station_day_median
2026-03-08,215.5,49,63,0.07174231332357248,station_day_median
2026-03-09,216.9,80,122,0.1171303074670571,station_day_median
2026-03-10,218.9,130,161,0.1903367496339678,station_day_median
2026-03-11,219.5,118,148,0.17276720351390923,station_day_median
2026-03-12,219.6,82,101,0.12005856515373353,station_day_median
2026-03-13,229.9,205,253,0.3001464128843338,station_day_median
2026-03-14,229.9,350,382,0.5124450951683748,station_day_median
2026-03-15,227.9,51,64,0.0746705710102489,station_day_median
2026-03-16,229.9,73,90,0.10688140556368961,station_day_median
2026-03-17,229.9,76,90,0.11127379209370425,station_day_median
2026-03-18,241.85000000000002,168,227,0.24597364568081992,station_day_median
2026-03-19,239.9,437,511,0.6398243045387995,station_day_median
2026-03-20,245.9,173,224,0.25329428989751096,station_day_median
2026-03-21,239.9,186,277,0.27232796486090777,station_day_median
2026-03-22,239.9,72,82,0.1054172767203514,station_day_median
2026-03-23,249.9,286,327,0.41874084919472915,station_day_median
2026-03-24,249.9,196,247,0.2869692532942899,station_day_median
2026-03-25,249.9,112,131,0.16398243045387995,station_day_median
2026-03-26,249.9,177,271,0.2591508052708638,station_day_median
2026-03-27,254.9,328,415,0.4802342606149341,station_day_median
2026-03-28,259.9,294,335,0.43045387994143486,station_day_median
2026-03-29,259.9,228,256,0.33382137628111275,station_day_median
2026-03-30,258.9,155,210,0.22693997071742314,station_day_median
2026-03-31,252.6,130,169,0.1903367496339678,station_day_median
2025-04-01,177.0994174757282,515,301,0.7540263543191801,reconstructed_eod_panel_cap7
2025-04-02,176.32291262135925,515,246,0.7540263543191801,reconstructed_eod_panel_cap7
2025-04-03,174.89980582524277,515,349,0.7540263543191801,reconstructed_eod_panel_cap7
2025-04-04,173.7096153846154,520,336,0.7613469985358712,reconstructed_eod_panel_cap7
2025-04-05,172.71461988304094,513,273,0.7510980966325037,reconstructed_eod_panel_cap7
2025-04-06,172.30964566929137,508,134,0.7437774524158126,reconstructed_eod_panel_cap7
2025-04-07,171.62887596899225,516,321,0.7554904831625183,reconstructed_eod_panel_cap7
2025-04-08,170.5054794520548,511,343,0.7481698389458272,reconstructed_eod_panel_cap7
2025-04-09,170.11631067961167,515,296,0.7540263543191801,reconstructed_eod_panel_cap7
2025-04-10,169.33154875717017,523,250,0.7657393850658858,reconstructed_eod_panel_cap7
2025-04-11,168.99631067961167,515,333,0.7540263543191801,reconstructed_eod_panel_cap7
2025-04-12,168.3001930501931,518,256,0.7584187408491947,reconstructed_eod_panel_cap7
2025-04-13,168.07842003853565,519,103,0.7598828696925329,reconstructed_eod_panel_cap7
2025-04-14,167.20760456273766,526,208,0.7701317715959004,reconstructed_eod_panel_cap7
2025-04-15,166.14038461538462,520,313,0.7613469985358712,reconstructed_eod_panel_cap7
2025-04-16,165.875,524,262,0.767203513909224,reconstructed_eod_panel_cap7
2025-04-17,166.46283524904214,522,186,0.7642752562225475,reconstructed_eod_panel_cap7
2025-04-18,168.0261627906977,516,115,0.7554904831625183,reconstructed_eod_panel_cap7
2025-04-19,168.70990099009902,505,71,0.739385065885798,reconstructed_eod_panel_cap7
2025-04-20,170.84373716632442,487,102,0.7130307467057101,reconstructed_eod_panel_cap7
2025-04-21,172.37556935817804,483,89,0.7071742313323572,reconstructed_eod_panel_cap7
2025-04-22,174.2286624203822,471,135,0.6896046852122987,reconstructed_eod_panel_cap7
2025-04-23,176.498861047836,439,146,0.6427525622254758,reconstructed_eod_panel_cap7
2025-04-24,184.5932400932401,429,245,0.6281112737920937,reconstructed_eod_panel_cap7
2025-04-25,185.00221674876846,406,157,0.5944363103953147,reconstructed_eod_panel_cap7
2025-04-26,184.93274559193955,397,153,0.5812591508052709,reconstructed_eod_panel_cap7
2025-04-27,187.5832917705736,401,101,0.5871156661786238,reconstructed_eod_panel_cap7
2025-04-28,191.82121951219514,410,196,0.6002928257686676,reconstructed_eod_panel_cap7
2025-04-29,193.76780487804882,410,163,0.6002928257686676,reconstructed_eod_panel_cap7
2025-04-30,194.9238663484487,419,197,0.6134699853587116,reconstructed_eod_panel_cap7
2025-05-01,193.80085653104928,467,352,0.6837481698389458,reconstructed_eod_panel_cap7
2025-05-02,193.48686274509808,510,383,0.746705710102489,reconstructed_eod_panel_cap7
2025-05-03,191.96756756756758,518,352,0.7584187408491947,reconstructed_eod_panel_cap7
2025-05-04,191.1714836223507,519,187,0.7598828696925329,reconstructed_eod_panel_cap7
2025-05-05,187.97387218045114,532,556,0.7789165446559297,reconstructed_eod_panel_cap7
2025-05-06,185.13667296786392,529,505,0.7745241581259151,reconstructed_eod_panel_cap7
2025-05-07,183.00610687022902,524,410,0.767203513909224,reconstructed_eod_panel_cap7
2025-05-08,180.75278310940502,521,425,0.7628111273792094,reconstructed_eod_panel_cap7
2025-05-09,179.0303088803089,518,389,0.7584187408491947,reconstructed_eod_panel_cap7
2025-05-10,177.85466926070043,514,296,0.7525622254758418,reconstructed_eod_panel_cap7
2025-05-11,175.9180582524272,515,459,0.7540263543191801,reconstructed_eod_panel_cap7
2025-05-12,173.37833655705998,517,472,0.7569546120058566,reconstructed_eod_panel_cap7
2025-05-13,170.64561403508773,513,634,0.7510980966325037,reconstructed_eod_panel_cap7
2025-05-14,168.11052631578949,513,591,0.7510980966325037,reconstructed_eod_panel_cap7
2025-05-15,165.60799220272906,513,568,0.7510980966325037,reconstructed_eod_panel_cap7
2025-05-16,163.68358778625955,524,484,0.767203513909224,reconstructed_eod_panel_cap7
2025-05-17,162.47437858508604,523,309,0.7657393850658858,reconstructed_eod_panel_cap7
2025-05-18,161.83301526717557,524,193,0.767203513909224,reconstructed_eod_panel_cap7
2025-05-19,160.22816635160683,529,413,0.7745241581259151,reconstructed_eod_panel_cap7
2025-05-20,159.21875,528,384,0.7730600292825769,reconstructed_eod_panel_cap7
2025-05-21,158.35885714285712,525,320,0.7686676427525623,reconstructed_eod_panel_cap7
2025-05-22,159.38516377649324,519,198,0.7598828696925329,reconstructed_eod_panel_cap7
2025-05-23,160.59296875,512,141,0.7496339677891655,reconstructed_eod_panel_cap7
2025-05-24,161.99094567404427,497,127,0.7276720351390923,reconstructed_eod_panel_cap7
2025-05-25,163.97617107942975,491,80,0.718887262079063,reconstructed_eod_panel_cap7
2025-05-26,165.61646341463415,492,106,0.7203513909224012,reconstructed_eod_panel_cap7
2025-05-27,168.20495689655175,464,115,0.6793557833089312,reconstructed_eod_panel_cap7
2025-05-28,172.2885441527446,419,99,0.6134699853587116,reconstructed_eod_panel_cap7
2025-05-29,177.2646408839779,362,113,0.5300146412884333,reconstructed_eod_panel_cap7
2025-05-30,179.21428571428572,322,85,0.47144948755490484,reconstructed_eod_panel_cap7
2025-05-31,179.39117647058825,306,105,0.4480234260614934,reconstructed_eod_panel_cap7
2025-06-01,180.13413793103447,290,62,0.424597364568082,reconstructed_eod_panel_cap7
2025-06-02,184.2184563758389,298,132,0.4363103953147877,reconstructed_eod_panel_cap7
2025-06-03,187.01842900302117,331,189,0.48462664714494874,reconstructed_eod_panel_cap7
2025-06-04,191.6555248618785,362,215,0.5300146412884333,reconstructed_eod_panel_cap7
2025-06-05,191.67375690607733,362,165,0.5300146412884333,reconstructed_eod_panel_cap7
2025-06-06,192.11023017902815,391,190,0.5724743777452416,reconstructed_eod_panel_cap7
2025-06-07,191.70398009950247,402,139,0.5885797950219619,reconstructed_eod_panel_cap7
2025-06-08,191.29522613065328,398,113,0.582723279648609,reconstructed_eod_panel_cap7
2025-06-09,191.3478149100257,389,123,0.5695461200585652,reconstructed_eod_panel_cap7
2025-06-10,193.0830578512397,484,387,0.7086383601756955,reconstructed_eod_panel_cap7
2025-06-11,190.06194331983806,494,474,0.7232796486090776,reconstructed_eod_panel_cap7
2025-06-12,187.6021782178218,505,477,0.739385065885798,reconstructed_eod_panel_cap7
2025-06-13,185.26245059288541,506,491,0.7408491947291361,reconstructed_eod_panel_cap7
2025-06-14,183.6525691699605,506,381,0.7408491947291361,reconstructed_eod_panel_cap7
2025-06-15,182.31516966067866,501,406,0.7335285505124451,reconstructed_eod_panel_cap7
2025-06-16,180.39565217391308,506,450,0.7408491947291361,reconstructed_eod_panel_cap7
2025-06-17,178.5883858267717,508,442,0.7437774524158126,reconstructed_eod_panel_cap7
2025-06-18,176.3688976377953,508,500,0.7437774524158126,reconstructed_eod_panel_cap7
2025-06-19,174.75573440643865,497,411,0.7276720351390923,reconstructed_eod_panel_cap7
2025-06-20,173.4114919354839,496,324,0.726207906295754,reconstructed_eod_panel_cap7
2025-06-21,172.8947474747475,495,151,0.7247437774524158,reconstructed_eod_panel_cap7
2025-06-22,172.7012219959267,491,123,0.718887262079063,reconstructed_eod_panel_cap7
2025-06-23,172.96993987975952,499,234,0.7306002928257687,reconstructed_eod_panel_cap7
2025-06-24,173.10840000000002,500,203,0.7320644216691069,reconstructed_eod_panel_cap7
2025-06-25,173.48350305498982,491,194,0.718887262079063,reconstructed_eod_panel_cap7
2025-06-26,173.567695473251,486,327,0.7115666178623719,reconstructed_eod_panel_cap7
2025-06-27,174.73002114164905,473,208,0.6925329428989752,reconstructed_eod_panel_cap7
2025-06-28,174.7030501089325,459,157,0.6720351390922401,reconstructed_eod_panel_cap7
2025-06-29,175.00909090909093,451,109,0.6603221083455344,reconstructed_eod_panel_cap7
2025-06-30,176.2349450549451,455,195,0.6661786237188873,reconstructed_eod_panel_cap7
2025-07-01,178.41623529411766,425,145,0.6222547584187409,reconstructed_eod_panel_cap7
2025-07-02,179.53333333333333,420,163,0.6149341142020498,reconstructed_eod_panel_cap7
2025-07-03,183.67505773672056,433,202,0.6339677891654466,reconstructed_eod_panel_cap7
2025-07-04,187.9912195121951,410,199,0.6002928257686676,reconstructed_eod_panel_cap7
2025-07-05,193.42808716707023,413,164,0.6046852122986823,reconstructed_eod_panel_cap7
2025-07-06,196.26561743341406,413,100,0.6046852122986823,reconstructed_eod_panel_cap7
2025-07-07,199.63225058004642,431,181,0.6310395314787701,reconstructed_eod_panel_cap7
2025-07-08,200.81296703296707,455,363,0.6661786237188873,reconstructed_eod_panel_cap7
2025-07-09,198.5150515463918,485,402,0.7101024890190337,reconstructed_eod_panel_cap7
2025-07-10,194.11909650924025,487,405,0.7130307467057101,reconstructed_eod_panel_cap7
2025-07-11,190.43433133732537,501,411,0.7335285505124451,reconstructed_eod_panel_cap7
2025-07-12,188.0546692607004,514,327,0.7525622254758418,reconstructed_eod_panel_cap7
2025-07-13,185.83003875968996,516,340,0.7554904831625183,reconstructed_eod_panel_cap7
2025-07-14,182.98929254302104,523,447,0.7657393850658858,reconstructed_eod_panel_cap7
2025-07-15,179.1789373814042,527,566,0.7715959004392386,reconstructed_eod_panel_cap7
2025-07-16,175.87992351816442,523,540,0.7657393850658858,reconstructed_eod_panel_cap7
2025-07-17,172.94809160305346,524,529,0.767203513909224,reconstructed_eod_panel_cap7
2025-07-18,170.24621212121212,528,554,0.7730600292825769,reconstructed_eod_panel_cap7
2025-07-19,168.77376425855513,526,359,0.7701317715959004,reconstructed_eod_panel_cap7
2025-07-20,167.5843100189036,529,367,0.7745241581259151,reconstructed_eod_panel_cap7
2025-07-21,165.63052434456932,534,417,0.7818448023426061,reconstructed_eod_panel_cap7
2025-07-22,164.07686567164183,536,427,0.7847730600292826,reconstructed_eod_panel_cap7
2025-07-23,163.33069679849342,531,379,0.7774524158125915,reconstructed_eod_panel_cap7
2025-07-24,162.28022598870058,531,301,0.7774524158125915,reconstructed_eod_panel_cap7
2025-07-25,161.18210922787196,531,267,0.7774524158125915,reconstructed_eod_panel_cap7
2025-07-26,160.8404174573055,527,135,0.7715959004392386,reconstructed_eod_panel_cap7
2025-07-27,160.5943820224719,534,88,0.7818448023426061,reconstructed_eod_panel_cap7
2025-07-28,161.74199623352166,531,138,0.7774524158125915,reconstructed_eod_panel_cap7
2025-07-29,164.07040618955511,517,162,0.7569546120058566,reconstructed_eod_panel_cap7
2025-07-30,165.67075098814232,506,250,0.7408491947291361,reconstructed_eod_panel_cap7
2025-07-31,169.6178431372549,510,197,0.746705710102489,reconstructed_eod_panel_cap7
2025-08-01,172.5709090909091,495,155,0.7247437774524158,reconstructed_eod_panel_cap7
2025-08-02,176.59651639344264,488,116,0.7144948755490483,reconstructed_eod_panel_cap7
2025-08-03,179.61496881496885,481,108,0.7042459736456809,reconstructed_eod_panel_cap7
2025-08-04,187.6938104448743,517,245,0.7569546120058566,reconstructed_eod_panel_cap7
2025-08-05,189.9696850393701,508,183,0.7437774524158126,reconstructed_eod_panel_cap7
2025-08-06,190.59430894308946,492,207,0.7203513909224012,reconstructed_eod_panel_cap7
2025-08-07,189.69651162790703,516,340,0.7554904831625183,reconstructed_eod_panel_cap7
2025-08-08,187.9465648854962,524,441,0.767203513909224,reconstructed_eod_panel_cap7
2025-08-09,186.4669811320755,530,412,0.7759882869692533,reconstructed_eod_panel_cap7
2025-08-10,185.35151515151517,528,345,0.7730600292825769,reconstructed_eod_panel_cap7
2025-08-11,182.38560747663556,535,618,0.7833089311859444,reconstructed_eod_panel_cap7
2025-08-12,180.26773584905663,530,591,0.7759882869692533,reconstructed_eod_panel_cap7
2025-08-13,178.95553435114505,524,394,0.767203513909224,reconstructed_eod_panel_cap7
2025-08-14,177.37222222222223,522,497,0.7642752562225475,reconstructed_eod_panel_cap7
2025-08-15,175.91074856046066,521,440,0.7628111273792094,reconstructed_eod_panel_cap7
2025-08-16,175.6489443378119,521,173,0.7628111273792094,reconstructed_eod_panel_cap7
2025-08-17,175.3891221374046,524,192,0.767203513909224,reconstructed_eod_panel_cap7
2025-08-18,174.04228571428573,525,474,0.7686676427525623,reconstructed_eod_panel_cap7
2025-08-19,172.59675572519086,524,507,0.767203513909224,reconstructed_eod_panel_cap7
2025-08-20,170.98854961832063,524,454,0.767203513909224,reconstructed_eod_panel_cap7
2025-08-21,169.38187022900763,524,451,0.767203513909224,reconstructed_eod_panel_cap7
2025-08-22,168.17942307692311,520,381,0.7613469985358712,reconstructed_eod_panel_cap7
2025-08-23,167.7477495107632,511,153,0.7481698389458272,reconstructed_eod_panel_cap7
2025-08-24,167.59726562499998,512,146,0.7496339677891655,reconstructed_eod_panel_cap7
2025-08-25,166.32164750957853,522,361,0.7642752562225475,reconstructed_eod_panel_cap7
2025-08-26,166.00207939508508,529,457,0.7745241581259151,reconstructed_eod_panel_cap7
2025-08-27,165.9658396946565,524,263,0.767203513909224,reconstructed_eod_panel_cap7
2025-08-28,165.88771593090212,521,245,0.7628111273792094,reconstructed_eod_panel_cap7
2025-08-29,166.06365384615387,520,184,0.7613469985358712,reconstructed_eod_panel_cap7
2025-08-30,166.74586614173228,508,158,0.7437774524158126,reconstructed_eod_panel_cap7
2025-08-31,167.83433133732535,501,89,0.7335285505124451,reconstructed_eod_panel_cap7
2025-09-01,168.83925781250002,512,194,0.7496339677891655,reconstructed_eod_panel_cap7
2025-09-02,172.12611336032393,494,168,0.7232796486090776,reconstructed_eod_panel_cap7
2025-09-03,175.7605855855856,444,150,0.6500732064421669,reconstructed_eod_panel_cap7
2025-09-04,178.24269141531323,431,119,0.6310395314787701,reconstructed_eod_panel_cap7
2025-09-05,182.20789473684212,418,132,0.6120058565153733,reconstructed_eod_panel_cap7
2025-09-06,184.48418491484185,411,94,0.6017569546120058,reconstructed_eod_panel_cap7
2025-09-07,186.29318181818184,396,69,0.5797950219619327,reconstructed_eod_panel_cap7
2025-09-08,189.52969121140143,421,165,0.616398243045388,reconstructed_eod_panel_cap7
2025-09-09,193.23646532438482,447,180,0.6544655929721815,reconstructed_eod_panel_cap7
2025-09-10,196.0133484162896,442,229,0.6471449487554904,reconstructed_eod_panel_cap7
2025-09-11,195.70956719817767,439,199,0.6427525622254758,reconstructed_eod_panel_cap7
2025-09-12,194.91666666666666,432,194,0.6325036603221084,reconstructed_eod_panel_cap7
2025-09-13,192.96674816625918,409,171,0.5988286969253295,reconstructed_eod_panel_cap7
2025-09-14,191.43525000000002,400,193,0.5856515373352855,reconstructed_eod_panel_cap7
2025-09-15,190.11581508515818,411,288,0.6017569546120058,reconstructed_eod_panel_cap7
2025-09-16,191.64376237623765,505,383,0.739385065885798,reconstructed_eod_panel_cap7
2025-09-17,188.90655105973028,519,489,0.7598828696925329,reconstructed_eod_panel_cap7
2025-09-18,187.29750479846453,521,476,0.7628111273792094,reconstructed_eod_panel_cap7
2025-09-19,185.58476562500002,512,486,0.7496339677891655,reconstructed_eod_panel_cap7
2025-09-20,184.46942800788955,507,359,0.7423133235724744,reconstructed_eod_panel_cap7
2025-09-21,183.1533596837945,506,399,0.7408491947291361,reconstructed_eod_panel_cap7
2025-09-22,181.4311890838207,513,500,0.7510980966325037,reconstructed_eod_panel_cap7
2025-09-23,179.4040152963671,523,521,0.7657393850658858,reconstructed_eod_panel_cap7
2025-09-24,177.03091603053437,524,548,0.767203513909224,reconstructed_eod_panel_cap7
2025-09-25,174.67719626168227,535,555,0.7833089311859444,reconstructed_eod_panel_cap7
2025-09-26,172.59517625231913,539,454,0.7891654465592972,reconstructed_eod_panel_cap7
2025-09-27,171.3505555555556,540,339,0.7906295754026355,reconstructed_eod_panel_cap7
2025-09-28,170.7061338289963,538,244,0.787701317715959,reconstructed_eod_panel_cap7
2025-09-29,168.6758878504673,535,602,0.7833089311859444,reconstructed_eod_panel_cap7
2025-09-30,167.26529080675425,533,440,0.780380673499268,reconstructed_eod_panel_cap7
2025-10-01,166.78209219858158,564,374,0.8257686676427526,reconstructed_eod_panel_cap7
2025-10-02,166.46991304347824,575,247,0.8418740849194729,reconstructed_eod_panel_cap7
2025-10-03,166.3858620689655,580,213,0.849194729136164,reconstructed_eod_panel_cap7
2025-10-04,166.56909722222224,576,145,0.8433382137628112,reconstructed_eod_panel_cap7
2025-10-05,166.9644247787611,565,121,0.8272327964860908,reconstructed_eod_panel_cap7
2025-10-06,167.20249110320287,562,140,0.8228404099560761,reconstructed_eod_panel_cap7
2025-10-07,169.04165103189496,533,176,0.780380673499268,reconstructed_eod_panel_cap7
2025-10-08,174.46244813278008,482,301,0.705710102489019,reconstructed_eod_panel_cap7
2025-10-09,175.36943127962087,422,226,0.6178623718887262,reconstructed_eod_panel_cap7
2025-10-10,177.86318289786223,421,187,0.616398243045388,reconstructed_eod_panel_cap7
2025-10-11,177.17487684729065,406,107,0.5944363103953147,reconstructed_eod_panel_cap7
2025-10-12,181.07384987893462,413,115,0.6046852122986823,reconstructed_eod_panel_cap7
2025-10-13,190.0703125,448,232,0.6559297218155198,reconstructed_eod_panel_cap7
2025-10-14,194.72478448275865,464,234,0.6793557833089312,reconstructed_eod_panel_cap7
2025-10-15,195.6307855626327,471,221,0.6896046852122987,reconstructed_eod_panel_cap7
2025-10-16,194.14136460554374,469,289,0.6866764275256223,reconstructed_eod_panel_cap7
2025-10-17,194.1598825831703,511,408,0.7481698389458272,reconstructed_eod_panel_cap7
2025-10-18,192.88220502901356,517,414,0.7569546120058566,reconstructed_eod_panel_cap7
2025-10-19,191.5309021113244,521,391,0.7628111273792094,reconstructed_eod_panel_cap7
2025-10-20,188.5179047619048,525,567,0.7686676427525623,reconstructed_eod_panel_cap7
2025-10-21,186.2679389312977,524,476,0.767203513909224,reconstructed_eod_panel_cap7
2025-10-22,184.22456813819576,521,474,0.7628111273792094,reconstructed_eod_panel_cap7
2025-10-23,182.38068833652008,523,475,0.7657393850658858,reconstructed_eod_panel_cap7
2025-10-24,180.79193857965453,521,433,0.7628111273792094,reconstructed_eod_panel_cap7
2025-10-25,179.6693641618497,519,351,0.7598828696925329,reconstructed_eod_panel_cap7
2025-10-26,178.95038314176247,522,272,0.7642752562225475,reconstructed_eod_panel_cap7
2025-10-27,177.2404174573055,527,436,0.7715959004392386,reconstructed_eod_panel_cap7
2025-10-28,176.14304761904762,525,343,0.7686676427525623,reconstructed_eod_panel_cap7
2025-10-29,174.09847908745252,526,462,0.7701317715959004,reconstructed_eod_panel_cap7
2025-10-30,173.32676864244743,523,326,0.7657393850658858,reconstructed_eod_panel_cap7
2025-10-31,172.2532442748092,524,358,0.767203513909224,reconstructed_eod_panel_cap7
2025-11-01,171.63588235294122,510,276,0.746705710102489,reconstructed_eod_panel_cap7
2025-11-02,171.51126482213442,506,160,0.7408491947291361,reconstructed_eod_panel_cap7
2025-11-03,170.7425149700599,501,352,0.7335285505124451,reconstructed_eod_panel_cap7
2025-11-04,170.03675564681723,487,367,0.7130307467057101,reconstructed_eod_panel_cap7
2025-11-05,170.50000000000003,475,204,0.6954612005856515,reconstructed_eod_panel_cap7
2025-11-06,171.08391304347828,460,235,0.6734992679355783,reconstructed_eod_panel_cap7
2025-11-07,172.49933920704848,454,183,0.664714494875549,reconstructed_eod_panel_cap7
2025-11-08,173.06954545454548,440,137,0.6442166910688141,reconstructed_eod_panel_cap7
2025-11-09,174.79239631336404,434,150,0.6354319180087847,reconstructed_eod_panel_cap7
2025-11-10,178.08242009132422,438,190,0.6412884333821376,reconstructed_eod_panel_cap7
2025-11-11,180.95976470588235,425,185,0.6222547584187409,reconstructed_eod_panel_cap7
2025-11-12,186.68903394255878,383,136,0.5607613469985359,reconstructed_eod_panel_cap7
2025-11-13,190.52254641909815,377,126,0.5519765739385066,reconstructed_eod_panel_cap7
2025-11-14,193.37756097560975,410,163,0.6002928257686676,reconstructed_eod_panel_cap7
2025-11-15,195.18720930232558,430,167,0.6295754026354319,reconstructed_eod_panel_cap7
2025-11-16,197.30357142857147,448,116,0.6559297218155198,reconstructed_eod_panel_cap7
2025-11-17,199.99848484848485,462,249,0.6764275256222547,reconstructed_eod_panel_cap7
2025-11-18,202.00448430493273,446,203,0.6530014641288433,reconstructed_eod_panel_cap7
2025-11-19,199.54575892857142,448,245,0.6559297218155198,reconstructed_eod_panel_cap7
2025-11-20,197.51305970149255,536,565,0.7847730600292826,reconstructed_eod_panel_cap7
2025-11-21,195.0104089219331,538,682,0.787701317715959,reconstructed_eod_panel_cap7
2025-11-22,192.88475836431226,538,433,0.787701317715959,reconstructed_eod_panel_cap7
2025-11-23,192.08115671641795,536,271,0.7847730600292826,reconstructed_eod_panel_cap7
2025-11-24,188.68787313432838,536,622,0.7847730600292826,reconstructed_eod_panel_cap7
2025-11-25,186.25124760076778,521,551,0.7628111273792094,reconstructed_eod_panel_cap7
2025-11-26,182.1536062378168,513,721,0.7510980966325037,reconstructed_eod_panel_cap7
2025-11-27,179.28066406250002,512,719,0.7496339677891655,reconstructed_eod_panel_cap7
2025-11-28,176.57962264150945,530,684,0.7759882869692533,reconstructed_eod_panel_cap7
2025-11-29,175.19925512104282,537,386,0.7862371888726208,reconstructed_eod_panel_cap7
2025-11-30,174.585,540,238,0.7906295754026355,reconstructed_eod_panel_cap7
2025-12-01,172.58892988929892,542,595,0.7935578330893118,reconstructed_eod_panel_cap7
2025-12-02,169.39944547134937,541,762,0.7920937042459737,reconstructed_eod_panel_cap7
2025-12-03,169.03671586715868,542,536,0.7935578330893118,reconstructed_eod_panel_cap7
2025-12-04,170.7127306273063,542,226,0.7935578330893118,reconstructed_eod_panel_cap7
2025-12-05,172.01381215469613,543,173,0.7950219619326501,reconstructed_eod_panel_cap7
2025-12-06,173.3805194805195,539,126,0.7891654465592972,reconstructed_eod_panel_cap7
2025-12-07,178.03490566037735,530,135,0.7759882869692533,reconstructed_eod_panel_cap7
2025-12-08,181.04188679245286,530,144,0.7759882869692533,reconstructed_eod_panel_cap7
2025-12-09,185.68377862595423,524,135,0.767203513909224,reconstructed_eod_panel_cap7
2025-12-10,191.41232604373758,503,158,0.7364568081991215,reconstructed_eod_panel_cap7
2025-12-11,198.40441176470588,476,215,0.6969253294289898,reconstructed_eod_panel_cap7
2025-12-12,201.06518046709132,471,202,0.6896046852122987,reconstructed_eod_panel_cap7
2025-12-13,201.1692307692308,468,184,0.6852122986822841,reconstructed_eod_panel_cap7
2025-12-14,201.63071895424838,459,137,0.6720351390922401,reconstructed_eod_panel_cap7
2025-12-15,200.22682352941177,425,161,0.6222547584187409,reconstructed_eod_panel_cap7
2025-12-16,198.23202933985328,409,214,0.5988286969253295,reconstructed_eod_panel_cap7
2025-12-17,196.3241134751773,423,315,0.6193265007320644,reconstructed_eod_panel_cap7
2025-12-18,197.7845261121857,517,485,0.7569546120058566,reconstructed_eod_panel_cap7
2025-12-19,194.89961315280465,517,540,0.7569546120058566,reconstructed_eod_panel_cap7
2025-12-20,192.54796116504858,515,500,0.7540263543191801,reconstructed_eod_panel_cap7
2025-12-21,191.43226452905813,499,375,0.7306002928257687,reconstructed_eod_panel_cap7
2025-12-22,188.4337398373984,492,641,0.7203513909224012,reconstructed_eod_panel_cap7
2025-12-23,185.18031189083823,513,639,0.7510980966325037,reconstructed_eod_panel_cap7
2025-12-24,182.85124282982792,523,640,0.7657393850658858,reconstructed_eod_panel_cap7
2025-12-25,181.3889523809524,525,498,0.7686676427525623,reconstructed_eod_panel_cap7
2025-12-26,180.39390476190476,525,417,0.7686676427525623,reconstructed_eod_panel_cap7
2025-12-27,178.21221374045803,524,609,0.767203513909224,reconstructed_eod_panel_cap7
2025-12-28,176.91342155009454,529,551,0.7745241581259151,reconstructed_eod_panel_cap7
2025-12-29,174.14089219330856,538,672,0.787701317715959,reconstructed_eod_panel_cap7
2025-12-30,172.11516853932585,534,530,0.7818448023426061,reconstructed_eod_panel_cap7
2025-12-31,170.5466918714556,529,541,0.7745241581259151,reconstructed_eod_panel_cap7
2026-01-01,169.5166347992352,523,428,0.7657393850658858,reconstructed_eod_panel_cap7
2026-01-02,167.60965909090908,528,477,0.7730600292825769,reconstructed_eod_panel_cap7
2026-01-03,166.56497175141243,531,403,0.7774524158125915,reconstructed_eod_panel_cap7
2026-01-04,165.259022556391,532,437,0.7789165446559297,reconstructed_eod_panel_cap7
2026-01-05,163.91524163568775,538,485,0.787701317715959,reconstructed_eod_panel_cap7
2026-01-06,162.93834586466167,532,446,0.7789165446559297,reconstructed_eod_panel_cap7
2026-01-07,161.94154135338346,532,543,0.7789165446559297,reconstructed_eod_panel_cap7
2026-01-08,160.57108208955225,536,430,0.7847730600292826,reconstructed_eod_panel_cap7
2026-01-09,160.19481481481483,540,445,0.7906295754026355,reconstructed_eod_panel_cap7
2026-01-10,159.60764925373135,536,297,0.7847730600292826,reconstructed_eod_panel_cap7
2026-01-11,159.2390243902439,533,324,0.780380673499268,reconstructed_eod_panel_cap7
2026-01-12,160.86033519553072,537,352,0.7862371888726208,reconstructed_eod_panel_cap7
2026-01-13,161.66490566037737,530,290,0.7759882869692533,reconstructed_eod_panel_cap7
2026-01-14,163.0660412757974,533,197,0.780380673499268,reconstructed_eod_panel_cap7
2026-01-15,165.7414913957935,523,225,0.7657393850658858,reconstructed_eod_panel_cap7
2026-01-16,168.19267326732674,505,170,0.739385065885798,reconstructed_eod_panel_cap7
2026-01-17,169.56320166320165,481,143,0.7042459736456809,reconstructed_eod_panel_cap7
2026-01-18,172.6715498938429,471,139,0.6896046852122987,reconstructed_eod_panel_cap7
2026-01-19,176.05615212527965,447,144,0.6544655929721815,reconstructed_eod_panel_cap7
2026-01-20,177.24530120481927,415,151,0.6076134699853587,reconstructed_eod_panel_cap7
2026-01-21,182.48294392523363,428,253,0.6266471449487555,reconstructed_eod_panel_cap7
2026-01-22,184.4707259953162,427,200,0.6251830161054173,reconstructed_eod_panel_cap7
2026-01-23,185.8561097256858,401,187,0.5871156661786238,reconstructed_eod_panel_cap7
2026-01-24,185.6778325123153,406,146,0.5944363103953147,reconstructed_eod_panel_cap7
2026-01-25,186.2575682382134,403,129,0.5900439238653001,reconstructed_eod_panel_cap7
2026-01-26,186.70419753086423,405,123,0.5929721815519766,reconstructed_eod_panel_cap7
2026-01-27,186.34692144373676,471,384,0.6896046852122987,reconstructed_eod_panel_cap7
2026-01-28,184.86660194174758,515,438,0.7540263543191801,reconstructed_eod_panel_cap7
2026-01-29,183.01360153256707,522,448,0.7642752562225475,reconstructed_eod_panel_cap7
2026-01-30,179.7614366729679,529,483,0.7745241581259151,reconstructed_eod_panel_cap7
2026-01-31,179.01230769230773,520,271,0.7613469985358712,reconstructed_eod_panel_cap7
2026-02-01,178.32228682170546,516,314,0.7554904831625183,reconstructed_eod_panel_cap7
2026-02-02,175.6040229885058,522,544,0.7642752562225475,reconstructed_eod_panel_cap7
2026-02-03,173.92292870905587,519,409,0.7598828696925329,reconstructed_eod_panel_cap7
2026-02-04,170.93841584158417,505,631,0.739385065885798,reconstructed_eod_panel_cap7
2026-02-05,166.59861386138616,505,666,0.739385065885798,reconstructed_eod_panel_cap7
2026-02-06,164.44176470588235,510,538,0.746705710102489,reconstructed_eod_panel_cap7
2026-02-07,162.9240631163708,507,424,0.7423133235724744,reconstructed_eod_panel_cap7
2026-02-08,161.8923379174853,509,428,0.7452415812591509,reconstructed_eod_panel_cap7
2026-02-09,160.14612403100773,516,678,0.7554904831625183,reconstructed_eod_panel_cap7
2026-02-10,158.70251937984497,516,476,0.7554904831625183,reconstructed_eod_panel_cap7
2026-02-11,158.66143410852717,516,270,0.7554904831625183,reconstructed_eod_panel_cap7
2026-02-12,158.44352941176473,510,226,0.746705710102489,reconstructed_eod_panel_cap7
2026-02-13,158.67033398821218,509,181,0.7452415812591509,reconstructed_eod_panel_cap7
2026-02-14,158.56713147410358,502,160,0.7349926793557833,reconstructed_eod_panel_cap7
2026-02-15,158.49360000000001,500,178,0.7320644216691069,reconstructed_eod_panel_cap7
2026-02-16,158.81703406813628,499,212,0.7306002928257687,reconstructed_eod_panel_cap7
2026-02-17,157.72256728778467,483,337,0.7071742313323572,reconstructed_eod_panel_cap7
2026-02-18,159.52531914893615,470,169,0.6881405563689604,reconstructed_eod_panel_cap7
2026-02-19,161.78722943722946,462,156,0.6764275256222547,reconstructed_eod_panel_cap7
2026-02-20,163.81035242290747,454,139,0.664714494875549,reconstructed_eod_panel_cap7
2026-02-21,164.2775,440,86,0.6442166910688141,reconstructed_eod_panel_cap7
2026-02-22,165.8002331002331,429,76,0.6281112737920937,reconstructed_eod_panel_cap7
2026-02-23,171.54347826086956,437,160,0.6398243045387995,reconstructed_eod_panel_cap7
2026-02-24,175.50911270983215,417,116,0.6105417276720352,reconstructed_eod_panel_cap7
2026-02-25,183.83524590163933,366,175,0.5358711566617862,reconstructed_eod_panel_cap7
2026-02-26,186.98451443569556,381,157,0.5578330893118595,reconstructed_eod_panel_cap7
2026-02-27,191.78457583547558,389,187,0.5695461200585652,reconstructed_eod_panel_cap7
2026-02-28,192.72128205128203,390,102,0.5710102489019033,reconstructed_eod_panel_cap7
2026-03-01,196.6863325740319,439,153,0.6427525622254758,reconstructed_eod_panel_cap7
2026-03-02,199.22928416485902,461,305,0.6749633967789166,reconstructed_eod_panel_cap7
2026-03-03,207.95359116022104,543,594,0.7950219619326501,reconstructed_eod_panel_cap7
2026-03-04,212.24990791896872,543,306,0.7950219619326501,reconstructed_eod_panel_cap7
2026-03-05,213.38878676470588,544,178,0.7964860907759883,reconstructed_eod_panel_cap7
2026-03-06,215.92224264705885,544,219,0.7964860907759883,reconstructed_eod_panel_cap7
2026-03-07,216.3386029411765,544,95,0.7964860907759883,reconstructed_eod_panel_cap7
2026-03-08,216.66316758747698,543,63,0.7950219619326501,reconstructed_eod_panel_cap7
2026-03-09,217.3496323529412,544,122,0.7964860907759883,reconstructed_eod_panel_cap7
2026-03-10,218.5155677655678,546,161,0.7994143484626647,reconstructed_eod_panel_cap7
2026-03-11,218.80454545454546,330,148,0.48316251830161056,reconstructed_eod_panel_cap7
2026-03-12,219.60652173913044,322,101,0.47144948755490484,reconstructed_eod_panel_cap7
2026-03-13,224.70810055865923,358,253,0.5241581259150805,reconstructed_eod_panel_cap7
2026-03-14,228.9328413284133,542,382,0.7935578330893118,reconstructed_eod_panel_cap7
2026-03-15,229.21749539594845,543,64,0.7950219619326501,reconstructed_eod_panel_cap7
2026-03-16,229.83717948717953,546,90,0.7994143484626647,reconstructed_eod_panel_cap7
2026-03-17,230.20548446069475,547,90,0.8008784773060029,reconstructed_eod_panel_cap7
2026-03-18,233.48882783882786,546,227,0.7994143484626647,reconstructed_eod_panel_cap7
2026-03-19,240.6862888482633,547,511,0.8008784773060029,reconstructed_eod_panel_cap7
2026-03-20,242.617700729927,548,224,0.8023426061493412,reconstructed_eod_panel_cap7
2026-03-21,243.716029143898,549,277,0.8038067349926794,reconstructed_eod_panel_cap7
2026-03-22,243.7178506375228,549,82,0.8038067349926794,reconstructed_eod_panel_cap7
2026-03-23,247.72276867030968,549,327,0.8038067349926794,reconstructed_eod_panel_cap7
2026-03-24,250.09945454545456,550,247,0.8052708638360175,reconstructed_eod_panel_cap7
2026-03-25,250.63963636363636,550,131,0.8052708638360175,reconstructed_eod_panel_cap7
2026-03-26,251.36038461538465,520,271,0.7613469985358712,reconstructed_eod_panel_cap7
2026-03-27,253.63980769230773,520,415,0.7613469985358712,reconstructed_eod_panel_cap7
2026-03-28,255.9807183364839,529,335,0.7745241581259151,reconstructed_eod_panel_cap7
2026-03-29,257.7153409090909,528,256,0.7730600292825769,reconstructed_eod_panel_cap7
2026-03-30,258.0702803738318,535,210,0.7833089311859444,reconstructed_eod_panel_cap7
2026-03-31,257.16760828625235,531,169,0.7774524158125915,reconstructed_eod_panel_cap7
